SOLD-TO	FleetName	CITY	RegistrationNumber	Chassis Num	Make/Model	SHIP-TO	ServiceProviderName	CITY	MaterialNumber	BRAND	ProductGroup	MaterialDescription	QUANTITY	StorageDate	TreadDepth	DOT	WheelType	ServiceProviderStorageLocation	StorageNote(Comments/AccessoriesStored)		
0030152291	Autotehnica Fleet Services SRL	Bucuresti	B116LAA	VF1RJA00969929326	N/A N/A	0030166038	MADYT Autoserv	Buftea, Ilfov	000000000003108275	CONTINENTAL	Summer	185/65R15 88H ECOCONTACT 6	1	29/12/2023	5.0	3822	Tyre Only	D			
0030042972	ARVAL SERVICE LEASE ROMANIA SRL	Bucuresti	B119FEK	WF0FXXWPMHPT69790	FORD KUGA	0030166038	MADYT Autoserv	Buftea, Ilfov	000000000003102273	BRIDGESTONE	Summer	225/65R17 102V TURANZA ECO ENLITEN	1	29/12/2023	6.0	2323	Tyre Only		NU SUNT LA NOI		
0030042972	ARVAL SERVICE LEASE ROMANIA SRL	Bucuresti	B119FEK	WF0FXXWPMHPT69790	FORD KUGA	0030166038	MADYT Autoserv	Buftea, Ilfov	000000000003102273	BRIDGESTONE	Summer	225/65R17 102V TURANZA ECO ENLITEN	1	29/12/2023	6.0	2323	Tyre Only		Ultima discutie in data de 28.12.2023		
0030042972	ARVAL SERVICE LEASE ROMANIA SRL	Bucuresti	B119FEK	WF0FXXWPMHPT69790	FORD KUGA	0030166038	MADYT Autoserv	Buftea, Ilfov	000000000003102273	BRIDGESTONE	Summer	225/65R17 102V TURANZA ECO ENLITEN	1	29/12/2023	6.0	2323	Tyre Only		Galati		
0030042972	ARVAL SERVICE LEASE ROMANIA SRL	Bucuresti	B119FEK	WF0FXXWPMHPT69790	FORD KUGA	0030166038	MADYT Autoserv	Buftea, Ilfov	000000000003102273	BRIDGESTONE	Summer	225/65R17 102V TURANZA ECO ENLITEN	1	29/12/2023	6.0	2323	Tyre Only				
0030042972	ARVAL SERVICE LEASE ROMANIA SRL	Bucuresti	B119FHR	WF0FXXWPMHPT71454	FORD KUGA	0030166038	MADYT Autoserv	Buftea, Ilfov	000000000003102273	BRIDGESTONE	Summer	225/65R17 102V TURANZA ECO ENLITEN	1	29/12/2023	6.0	2323	Tyre Only		NU SUNT LA NOI		
0030042972	ARVAL SERVICE LEASE ROMANIA SRL	Bucuresti	B119FHR	WF0FXXWPMHPT71454	FORD KUGA	0030166038	MADYT Autoserv	Buftea, Ilfov	000000000003102273	BRIDGESTONE	Summer	225/65R17 102V TURANZA ECO ENLITEN	1	29/12/2023	6.0	2323	Tyre Only		Ultima discutie in data de 28.12.2023		
0030042972	ARVAL SERVICE LEASE ROMANIA SRL	Bucuresti	B119FHR	WF0FXXWPMHPT71454	FORD KUGA	0030166038	MADYT Autoserv	Buftea, Ilfov	000000000003102273	BRIDGESTONE	Summer	225/65R17 102V TURANZA ECO ENLITEN	1	29/12/2023	6.0	2323	Tyre Only		Sixt Bucuresti		
0030042972	ARVAL SERVICE LEASE ROMANIA SRL	Bucuresti	B119FHR	WF0FXXWPMHPT71454	FORD KUGA	0030166038	MADYT Autoserv	Buftea, Ilfov	000000000003102273	BRIDGESTONE	Summer	225/65R17 102V TURANZA ECO ENLITEN	1	29/12/2023	6.0	2323	Tyre Only				
0030042972	ARVAL SERVICE LEASE ROMANIA SRL	Bucuresti	B119FHS	WF0FXXWPMHPT69486	FORD KUGA	0030166038	MADYT Autoserv	Buftea, Ilfov	000000000003102273	BRIDGESTONE	Summer	225/65R17 102V TURANZA ECO ENLITEN	1	29/12/2023	6.0	2323	Tyre Only		NU SUNT LA NOI		
0030042972	ARVAL SERVICE LEASE ROMANIA SRL	Bucuresti	B119FHS	WF0FXXWPMHPT69486	FORD KUGA	0030166038	MADYT Autoserv	Buftea, Ilfov	000000000003102273	BRIDGESTONE	Summer	225/65R17 102V TURANZA ECO ENLITEN	1	29/12/2023	6.0	2323	Tyre Only		Ultima discutie in data de 28.12.2023		
0030042972	ARVAL SERVICE LEASE ROMANIA SRL	Bucuresti	B119FHS	WF0FXXWPMHPT69486	FORD KUGA	0030166038	MADYT Autoserv	Buftea, Ilfov	000000000003102273	BRIDGESTONE	Summer	225/65R17 102V TURANZA ECO ENLITEN	1	29/12/2023	6.0	2323	Tyre Only		Sixt Bucuresti		
0030042972	ARVAL SERVICE LEASE ROMANIA SRL	Bucuresti	B119FHS	WF0FXXWPMHPT69486	FORD KUGA	0030166038	MADYT Autoserv	Buftea, Ilfov	000000000003102273	BRIDGESTONE	Summer	225/65R17 102V TURANZA ECO ENLITEN	1	29/12/2023	6.0	2323	Tyre Only				
0030042972	ARVAL SERVICE LEASE ROMANIA SRL	Bucuresti	B119FHU	WF0FXXWPMHPT69849	FORD KUGA	0030166038	MADYT Autoserv	Buftea, Ilfov	000000000003102273	BRIDGESTONE	Summer	225/65R17 102V TURANZA ECO ENLITEN	1	29/12/2023	6.0	2323	Tyre Only		NU SUNT LA NOI		
0030042972	ARVAL SERVICE LEASE ROMANIA SRL	Bucuresti	B119FHU	WF0FXXWPMHPT69849	FORD KUGA	0030166038	MADYT Autoserv	Buftea, Ilfov	000000000003102273	BRIDGESTONE	Summer	225/65R17 102V TURANZA ECO ENLITEN	1	29/12/2023	6.0	2323	Tyre Only		Ultima discutie in data de 28.12.2023		
0030042972	ARVAL SERVICE LEASE ROMANIA SRL	Bucuresti	B119FHU	WF0FXXWPMHPT69849	FORD KUGA	0030166038	MADYT Autoserv	Buftea, Ilfov	000000000003102273	BRIDGESTONE	Summer	225/65R17 102V TURANZA ECO ENLITEN	1	29/12/2023	6.0	2323	Tyre Only		Sixt Bucuresti		
0030042972	ARVAL SERVICE LEASE ROMANIA SRL	Bucuresti	B119FHU	WF0FXXWPMHPT69849	FORD KUGA	0030166038	MADYT Autoserv	Buftea, Ilfov	000000000003102273	BRIDGESTONE	Summer	225/65R17 102V TURANZA ECO ENLITEN	1	29/12/2023	6.0	2323	Tyre Only				
0030042972	ARVAL SERVICE LEASE ROMANIA SRL	Bucuresti	B119FHZ	WF0FXXWPMHPT71489	FORD KUGA	0030166038	MADYT Autoserv	Buftea, Ilfov	000000000003102273	BRIDGESTONE	Summer	225/65R17 102V TURANZA ECO ENLITEN	1	29/12/2023	6.0	2323	Tyre Only		NU SUNT LA NOI		
0030042972	ARVAL SERVICE LEASE ROMANIA SRL	Bucuresti	B119FHZ	WF0FXXWPMHPT71489	FORD KUGA	0030166038	MADYT Autoserv	Buftea, Ilfov	000000000003102273	BRIDGESTONE	Summer	225/65R17 102V TURANZA ECO ENLITEN	1	29/12/2023	6.0	2323	Tyre Only		Ultima discutie in data de 28.12.2023		
0030042972	ARVAL SERVICE LEASE ROMANIA SRL	Bucuresti	B119FHZ	WF0FXXWPMHPT71489	FORD KUGA	0030166038	MADYT Autoserv	Buftea, Ilfov	000000000003102273	BRIDGESTONE	Summer	225/65R17 102V TURANZA ECO ENLITEN	1	29/12/2023	6.0	2323	Tyre Only		Brasov		
0030042972	ARVAL SERVICE LEASE ROMANIA SRL	Bucuresti	B119FHZ	WF0FXXWPMHPT71489	FORD KUGA	0030166038	MADYT Autoserv	Buftea, Ilfov	000000000003102273	BRIDGESTONE	Summer	225/65R17 102V TURANZA ECO ENLITEN	1	29/12/2023	6.0	2323	Tyre Only				
0030042972	ARVAL SERVICE LEASE ROMANIA SRL	Bucuresti	B119FID	WF0FXXWPMHPT71011	FORD KUGA	0030166038	MADYT Autoserv	Buftea, Ilfov	000000000003102273	BRIDGESTONE	Summer	225/65R17 102V TURANZA ECO ENLITEN	1	29/12/2023	6.0	2323	Tyre Only		NU SUNT LA NOI		
0030042972	ARVAL SERVICE LEASE ROMANIA SRL	Bucuresti	B119FID	WF0FXXWPMHPT71011	FORD KUGA	0030166038	MADYT Autoserv	Buftea, Ilfov	000000000003102273	BRIDGESTONE	Summer	225/65R17 102V TURANZA ECO ENLITEN	1	29/12/2023	6.0	2323	Tyre Only		Ultima discutie in data de 28.12.2023		
0030042972	ARVAL SERVICE LEASE ROMANIA SRL	Bucuresti	B119FID	WF0FXXWPMHPT71011	FORD KUGA	0030166038	MADYT Autoserv	Buftea, Ilfov	000000000003102273	BRIDGESTONE	Summer	225/65R17 102V TURANZA ECO ENLITEN	1	29/12/2023	6.0	2323	Tyre Only		Cluj		
0030042972	ARVAL SERVICE LEASE ROMANIA SRL	Bucuresti	B119FID	WF0FXXWPMHPT71011	FORD KUGA	0030166038	MADYT Autoserv	Buftea, Ilfov	000000000003102273	BRIDGESTONE	Summer	225/65R17 102V TURANZA ECO ENLITEN	1	29/12/2023	6.0	2323	Tyre Only				
0030042972	ARVAL SERVICE LEASE ROMANIA SRL	Bucuresti	B119FIF	WF0FXXWPMHPT71005	FORD KUGA	0030166038	MADYT Autoserv	Buftea, Ilfov	000000000003102273	BRIDGESTONE	Summer	225/65R17 102V TURANZA ECO ENLITEN	1	29/12/2023	6.0	2323	Tyre Only		NU SUNT LA NOI		
0030042972	ARVAL SERVICE LEASE ROMANIA SRL	Bucuresti	B119FIF	WF0FXXWPMHPT71005	FORD KUGA	0030166038	MADYT Autoserv	Buftea, Ilfov	000000000003102273	BRIDGESTONE	Summer	225/65R17 102V TURANZA ECO ENLITEN	1	29/12/2023	6.0	2323	Tyre Only		Ultima discutie in data de 28.12.2023		
0030042972	ARVAL SERVICE LEASE ROMANIA SRL	Bucuresti	B119FIF	WF0FXXWPMHPT71005	FORD KUGA	0030166038	MADYT Autoserv	Buftea, Ilfov	000000000003102273	BRIDGESTONE	Summer	225/65R17 102V TURANZA ECO ENLITEN	1	29/12/2023	6.0	2323	Tyre Only		Cluj		
0030042972	ARVAL SERVICE LEASE ROMANIA SRL	Bucuresti	B119FIF	WF0FXXWPMHPT71005	FORD KUGA	0030166038	MADYT Autoserv	Buftea, Ilfov	000000000003102273	BRIDGESTONE	Summer	225/65R17 102V TURANZA ECO ENLITEN	1	29/12/2023	6.0	2323	Tyre Only				
0030042972	ARVAL SERVICE LEASE ROMANIA SRL	Bucuresti	B119FIG	WF0FXXWPMHPT69857	FORD KUGA	0030166038	MADYT Autoserv	Buftea, Ilfov	000000000003102273	BRIDGESTONE	Summer	225/65R17 102V TURANZA ECO ENLITEN	1	29/12/2023	6.0	2323	Tyre Only		NU SUNT LA NOI		
0030042972	ARVAL SERVICE LEASE ROMANIA SRL	Bucuresti	B119FIG	WF0FXXWPMHPT69857	FORD KUGA	0030166038	MADYT Autoserv	Buftea, Ilfov	000000000003102273	BRIDGESTONE	Summer	225/65R17 102V TURANZA ECO ENLITEN	1	29/12/2023	6.0	2323	Tyre Only		Ultima discutie in data de 28.12.2023		
0030042972	ARVAL SERVICE LEASE ROMANIA SRL	Bucuresti	B119FIG	WF0FXXWPMHPT69857	FORD KUGA	0030166038	MADYT Autoserv	Buftea, Ilfov	000000000003102273	BRIDGESTONE	Summer	225/65R17 102V TURANZA ECO ENLITEN	1	29/12/2023	6.0	2323	Tyre Only		Constanta		
0030042972	ARVAL SERVICE LEASE ROMANIA SRL	Bucuresti	B119FIG	WF0FXXWPMHPT69857	FORD KUGA	0030166038	MADYT Autoserv	Buftea, Ilfov	000000000003102273	BRIDGESTONE	Summer	225/65R17 102V TURANZA ECO ENLITEN	1	29/12/2023	6.0	2323	Tyre Only				
0030042972	ARVAL SERVICE LEASE ROMANIA SRL	Bucuresti	B119FIH	WF0FXXWPMHPT69619	FORD KUGA	0030166038	MADYT Autoserv	Buftea, Ilfov	000000000003102273	BRIDGESTONE	Summer	225/65R17 102V TURANZA ECO ENLITEN	1	29/12/2023	6.0	2323	Tyre Only		NU SUNT LA NOI		
0030042972	ARVAL SERVICE LEASE ROMANIA SRL	Bucuresti	B119FIH	WF0FXXWPMHPT69619	FORD KUGA	0030166038	MADYT Autoserv	Buftea, Ilfov	000000000003102273	BRIDGESTONE	Summer	225/65R17 102V TURANZA ECO ENLITEN	1	29/12/2023	6.0	2323	Tyre Only		Ultima discutie in data de 28.12.2023		
0030042972	ARVAL SERVICE LEASE ROMANIA SRL	Bucuresti	B119FIH	WF0FXXWPMHPT69619	FORD KUGA	0030166038	MADYT Autoserv	Buftea, Ilfov	000000000003102273	BRIDGESTONE	Summer	225/65R17 102V TURANZA ECO ENLITEN	1	29/12/2023	6.0	2323	Tyre Only		Constanta		
0030042972	ARVAL SERVICE LEASE ROMANIA SRL	Bucuresti	B119FIH	WF0FXXWPMHPT69619	FORD KUGA	0030166038	MADYT Autoserv	Buftea, Ilfov	000000000003102273	BRIDGESTONE	Summer	225/65R17 102V TURANZA ECO ENLITEN	1	29/12/2023	6.0	2323	Tyre Only				
0030042972	ARVAL SERVICE LEASE ROMANIA SRL	Bucuresti	B119FIK	WF0FXXWPMHPT69579	FORD KUGA	0030166038	MADYT Autoserv	Buftea, Ilfov	000000000003102273	BRIDGESTONE	Summer	225/65R17 102V TURANZA ECO ENLITEN	1	29/12/2023	6.0	2323	Tyre Only		NU SUNT LA NOI		
0030042972	ARVAL SERVICE LEASE ROMANIA SRL	Bucuresti	B119FIK	WF0FXXWPMHPT69579	FORD KUGA	0030166038	MADYT Autoserv	Buftea, Ilfov	000000000003102273	BRIDGESTONE	Summer	225/65R17 102V TURANZA ECO ENLITEN	1	29/12/2023	6.0	2323	Tyre Only		Ultima discutie in data de 28.12.2023		
0030042972	ARVAL SERVICE LEASE ROMANIA SRL	Bucuresti	B119FIK	WF0FXXWPMHPT69579	FORD KUGA	0030166038	MADYT Autoserv	Buftea, Ilfov	000000000003102273	BRIDGESTONE	Summer	225/65R17 102V TURANZA ECO ENLITEN	1	29/12/2023	6.0	2323	Tyre Only		Craiova		
0030042972	ARVAL SERVICE LEASE ROMANIA SRL	Bucuresti	B119FIK	WF0FXXWPMHPT69579	FORD KUGA	0030166038	MADYT Autoserv	Buftea, Ilfov	000000000003102273	BRIDGESTONE	Summer	225/65R17 102V TURANZA ECO ENLITEN	1	29/12/2023	6.0	2323	Tyre Only				
0030042972	ARVAL SERVICE LEASE ROMANIA SRL	Bucuresti	B119FIR	WF0FXXWPMHPT69539	FORD KUGA	0030166038	MADYT Autoserv	Buftea, Ilfov	000000000003102273	BRIDGESTONE	Summer	225/65R17 102V TURANZA ECO ENLITEN	1	29/12/2023	6.0	2323	Tyre Only		NU SUNT LA NOI		
0030042972	ARVAL SERVICE LEASE ROMANIA SRL	Bucuresti	B119FIR	WF0FXXWPMHPT69539	FORD KUGA	0030166038	MADYT Autoserv	Buftea, Ilfov	000000000003102273	BRIDGESTONE	Summer	225/65R17 102V TURANZA ECO ENLITEN	1	29/12/2023	6.0	2323	Tyre Only		Ultima discutie in data de 28.12.2023		
0030042972	ARVAL SERVICE LEASE ROMANIA SRL	Bucuresti	B119FIR	WF0FXXWPMHPT69539	FORD KUGA	0030166038	MADYT Autoserv	Buftea, Ilfov	000000000003102273	BRIDGESTONE	Summer	225/65R17 102V TURANZA ECO ENLITEN	1	29/12/2023	6.0	2323	Tyre Only		Craiova		
0030042972	ARVAL SERVICE LEASE ROMANIA SRL	Bucuresti	B119FIR	WF0FXXWPMHPT69539	FORD KUGA	0030166038	MADYT Autoserv	Buftea, Ilfov	000000000003102273	BRIDGESTONE	Summer	225/65R17 102V TURANZA ECO ENLITEN	1	29/12/2023	6.0	2323	Tyre Only				
0030042972	ARVAL SERVICE LEASE ROMANIA SRL	Bucuresti	B119FIW	WF0FXXWPMHPT69499	FORD KUGA	0030166038	MADYT Autoserv	Buftea, Ilfov	000000000003102273	BRIDGESTONE	Summer	225/65R17 102V TURANZA ECO ENLITEN	1	29/12/2023	6.0	2523	Tyre Only		NU SUNT LA NOI		
0030042972	ARVAL SERVICE LEASE ROMANIA SRL	Bucuresti	B119FIW	WF0FXXWPMHPT69499	FORD KUGA	0030166038	MADYT Autoserv	Buftea, Ilfov	000000000003102273	BRIDGESTONE	Summer	225/65R17 102V TURANZA ECO ENLITEN	1	29/12/2023	6.0	2523	Tyre Only		Ultima discutie in data de 28.12.2023		
0030042972	ARVAL SERVICE LEASE ROMANIA SRL	Bucuresti	B119FIW	WF0FXXWPMHPT69499	FORD KUGA	0030166038	MADYT Autoserv	Buftea, Ilfov	000000000003102273	BRIDGESTONE	Summer	225/65R17 102V TURANZA ECO ENLITEN	1	29/12/2023	6.0	2523	Tyre Only		Iasi		
0030042972	ARVAL SERVICE LEASE ROMANIA SRL	Bucuresti	B119FIW	WF0FXXWPMHPT69499	FORD KUGA	0030166038	MADYT Autoserv	Buftea, Ilfov	000000000003102273	BRIDGESTONE	Summer	225/65R17 102V TURANZA ECO ENLITEN	1	29/12/2023	6.0	2523	Tyre Only				
0030042972	ARVAL SERVICE LEASE ROMANIA SRL	Bucuresti	B119FJC	WF0FXXWPMHPT71980	FORD KUGA	0030166038	MADYT Autoserv	Buftea, Ilfov	000000000003102273	BRIDGESTONE	Summer	225/65R17 102V TURANZA ECO ENLITEN	1	29/12/2023	6.0	2323	Tyre Only		NU SUNT LA NOI		
0030042972	ARVAL SERVICE LEASE ROMANIA SRL	Bucuresti	B119FJC	WF0FXXWPMHPT71980	FORD KUGA	0030166038	MADYT Autoserv	Buftea, Ilfov	000000000003102273	BRIDGESTONE	Summer	225/65R17 102V TURANZA ECO ENLITEN	1	29/12/2023	6.0	2323	Tyre Only		Ultima discutie in data de 28.12.2023		
0030042972	ARVAL SERVICE LEASE ROMANIA SRL	Bucuresti	B119FJC	WF0FXXWPMHPT71980	FORD KUGA	0030166038	MADYT Autoserv	Buftea, Ilfov	000000000003102273	BRIDGESTONE	Summer	225/65R17 102V TURANZA ECO ENLITEN	1	29/12/2023	6.0	2323	Tyre Only		Timisoara		
0030042972	ARVAL SERVICE LEASE ROMANIA SRL	Bucuresti	B119FJC	WF0FXXWPMHPT71980	FORD KUGA	0030166038	MADYT Autoserv	Buftea, Ilfov	000000000003102273	BRIDGESTONE	Summer	225/65R17 102V TURANZA ECO ENLITEN	1	29/12/2023	6.0	2323	Tyre Only				
0030042972	ARVAL SERVICE LEASE ROMANIA SRL	Bucuresti	B120JGK	VF1RJK00071926370	RENAULT EXPRESS	0030166038	MADYT Autoserv	Buftea, Ilfov	000000000001599527	KUMHO	Summer	185/65R15 88T ES31	1	26/03/2024	8.0	3723	Tyre Only	D			
0030042972	ARVAL SERVICE LEASE ROMANIA SRL	Bucuresti	B120JGK	VF1RJK00071926370	RENAULT EXPRESS	0030166038	MADYT Autoserv	Buftea, Ilfov	000000000001599527	KUMHO	Summer	185/65R15 88T ES31	1	26/03/2024	8.0	3623	Tyre Only	D			
0030042972	ARVAL SERVICE LEASE ROMANIA SRL	Bucuresti	B120JGK	VF1RJK00071926370	RENAULT EXPRESS	0030166038	MADYT Autoserv	Buftea, Ilfov	000000000001599527	KUMHO	Summer	185/65R15 88T ES31	1	26/03/2024	8.0	3323	Tyre Only	D			
0030042972	ARVAL SERVICE LEASE ROMANIA SRL	Bucuresti	B120JGK	VF1RJK00071926370	RENAULT EXPRESS	0030166038	MADYT Autoserv	Buftea, Ilfov	000000000001599527	KUMHO	Summer	185/65R15 88T ES31	1	26/03/2024	8.0	3723	Tyre Only	D			
0030042972	ARVAL SERVICE LEASE ROMANIA SRL	Bucuresti	B120JGL	VF1RJK00371926444	RENAULT EXPRESS	0030166038	MADYT Autoserv	Buftea, Ilfov	000000000001599527	KUMHO	Summer	185/65R15 88T ES31	1	26/03/2024	8.0	3623	Tyre Only	D			
0030042972	ARVAL SERVICE LEASE ROMANIA SRL	Bucuresti	B120JGL	VF1RJK00371926444	RENAULT EXPRESS	0030166038	MADYT Autoserv	Buftea, Ilfov	000000000001599527	KUMHO	Summer	185/65R15 88T ES31	1	26/03/2024	8.0	3523	Tyre Only	D			
0030042972	ARVAL SERVICE LEASE ROMANIA SRL	Bucuresti	B120JGL	VF1RJK00371926444	RENAULT EXPRESS	0030166038	MADYT Autoserv	Buftea, Ilfov	000000000001599527	KUMHO	Summer	185/65R15 88T ES31	1	26/03/2024	8.0	3623	Tyre Only	D			
0030042972	ARVAL SERVICE LEASE ROMANIA SRL	Bucuresti	B120JGL	VF1RJK00371926444	RENAULT EXPRESS	0030166038	MADYT Autoserv	Buftea, Ilfov	000000000001599527	KUMHO	Summer	185/65R15 88T ES31	1	26/03/2024	8.0	3523	Tyre Only	D			
0030042972	ARVAL SERVICE LEASE ROMANIA SRL	Bucuresti	B120JGM	VF1RJK00171926376	RENAULT EXPRESS	0030166038	MADYT Autoserv	Buftea, Ilfov	000000000001599527	KUMHO	Summer	185/65R15 88T ES31	1	26/03/2024	8.0	3623	Tyre Only	D			
0030042972	ARVAL SERVICE LEASE ROMANIA SRL	Bucuresti	B120JGM	VF1RJK00171926376	RENAULT EXPRESS	0030166038	MADYT Autoserv	Buftea, Ilfov	000000000001599527	KUMHO	Summer	185/65R15 88T ES31	1	26/03/2024	8.0	3623	Tyre Only	D			
0030042972	ARVAL SERVICE LEASE ROMANIA SRL	Bucuresti	B120JGM	VF1RJK00171926376	RENAULT EXPRESS	0030166038	MADYT Autoserv	Buftea, Ilfov	000000000001599527	KUMHO	Summer	185/65R15 88T ES31	1	26/03/2024	8.0	3623	Tyre Only	D			
0030042972	ARVAL SERVICE LEASE ROMANIA SRL	Bucuresti	B120JGM	VF1RJK00171926376	RENAULT EXPRESS	0030166038	MADYT Autoserv	Buftea, Ilfov	000000000001599527	KUMHO	Summer	185/65R15 88T ES31	1	26/03/2024	8.0	3623	Tyre Only	D			
0030042972	ARVAL SERVICE LEASE ROMANIA SRL	Bucuresti	B120JGO	VF1RJK00471926372	RENAULT EXPRESS	0030166038	MADYT Autoserv	Buftea, Ilfov	000000000001599527	KUMHO	Summer	185/65R15 88T ES31	1	26/03/2024	8.0	3523	Tyre Only	D			
0030042972	ARVAL SERVICE LEASE ROMANIA SRL	Bucuresti	B120JGO	VF1RJK00471926372	RENAULT EXPRESS	0030166038	MADYT Autoserv	Buftea, Ilfov	000000000001599527	KUMHO	Summer	185/65R15 88T ES31	1	26/03/2024	8.0	3223	Tyre Only	D			
0030042972	ARVAL SERVICE LEASE ROMANIA SRL	Bucuresti	B120JGO	VF1RJK00471926372	RENAULT EXPRESS	0030166038	MADYT Autoserv	Buftea, Ilfov	000000000001599527	KUMHO	Summer	185/65R15 88T ES31	1	26/03/2024	8.0	3323	Tyre Only	D			
0030042972	ARVAL SERVICE LEASE ROMANIA SRL	Bucuresti	B120JGO	VF1RJK00471926372	RENAULT EXPRESS	0030166038	MADYT Autoserv	Buftea, Ilfov	000000000001599527	KUMHO	Summer	185/65R15 88T ES31	1	26/03/2024	8.0	3323	Tyre Only	D			
0030042972	ARVAL SERVICE LEASE ROMANIA SRL	Bucuresti	B120JGP	VF1RJK00471926369	RENAULT EXPRESS	0030166038	MADYT Autoserv	Buftea, Ilfov	000000000001599527	KUMHO	Summer	185/65R15 88T ES31	1	26/03/2024	8.0	3623	Tyre Only	D			
0030042972	ARVAL SERVICE LEASE ROMANIA SRL	Bucuresti	B120JGP	VF1RJK00471926369	RENAULT EXPRESS	0030166038	MADYT Autoserv	Buftea, Ilfov	000000000001599527	KUMHO	Summer	185/65R15 88T ES31	1	26/03/2024	8.0	3523	Tyre Only	D			
0030042972	ARVAL SERVICE LEASE ROMANIA SRL	Bucuresti	B120JGP	VF1RJK00471926369	RENAULT EXPRESS	0030166038	MADYT Autoserv	Buftea, Ilfov	000000000001599527	KUMHO	Summer	185/65R15 88T ES31	1	26/03/2024	8.0	3523	Tyre Only	D			
0030042972	ARVAL SERVICE LEASE ROMANIA SRL	Bucuresti	B120JGP	VF1RJK00471926369	RENAULT EXPRESS	0030166038	MADYT Autoserv	Buftea, Ilfov	000000000001599527	KUMHO	Summer	185/65R15 88T ES31	1	26/03/2024	8.0	3523	Tyre Only	D			
0030042972	ARVAL SERVICE LEASE ROMANIA SRL	Bucuresti	B120JGR	VF1RJK00271926354	RENAULT EXPRESS	0030166038	MADYT Autoserv	Buftea, Ilfov	000000000001599527	KUMHO	Summer	185/65R15 88T ES31	1	26/03/2024	8.0	3623	Tyre Only	D			
0030042972	ARVAL SERVICE LEASE ROMANIA SRL	Bucuresti	B120JGR	VF1RJK00271926354	RENAULT EXPRESS	0030166038	MADYT Autoserv	Buftea, Ilfov	000000000001599527	KUMHO	Summer	185/65R15 88T ES31	1	26/03/2024	8.0	3623	Tyre Only	D			
0030042972	ARVAL SERVICE LEASE ROMANIA SRL	Bucuresti	B120JGR	VF1RJK00271926354	RENAULT EXPRESS	0030166038	MADYT Autoserv	Buftea, Ilfov	000000000001599527	KUMHO	Summer	185/65R15 88T ES31	1	26/03/2024	8.0	3623	Tyre Only	D			
0030042972	ARVAL SERVICE LEASE ROMANIA SRL	Bucuresti	B120JGR	VF1RJK00271926354	RENAULT EXPRESS	0030166038	MADYT Autoserv	Buftea, Ilfov	000000000001599527	KUMHO	Summer	185/65R15 88T ES31	1	26/03/2024	8.0	3623	Tyre Only	D			
0030042972	ARVAL SERVICE LEASE ROMANIA SRL	Bucuresti	B120JGS	VF1RJK00171926345	RENAULT EXPRESS	0030166038	MADYT Autoserv	Buftea, Ilfov	000000000001599527	KUMHO	Summer	185/65R15 88T ES31	1	26/03/2024	8.0	3323	Tyre Only	D			
0030042972	ARVAL SERVICE LEASE ROMANIA SRL	Bucuresti	B120JGS	VF1RJK00171926345	RENAULT EXPRESS	0030166038	MADYT Autoserv	Buftea, Ilfov	000000000001599527	KUMHO	Summer	185/65R15 88T ES31	1	26/03/2024	8.0	3623	Tyre Only	D			
0030042972	ARVAL SERVICE LEASE ROMANIA SRL	Bucuresti	B120JGS	VF1RJK00171926345	RENAULT EXPRESS	0030166038	MADYT Autoserv	Buftea, Ilfov	000000000001599527	KUMHO	Summer	185/65R15 88T ES31	1	26/03/2024	8.0	3323	Tyre Only	D			
0030042972	ARVAL SERVICE LEASE ROMANIA SRL	Bucuresti	B120JGS	VF1RJK00171926345	RENAULT EXPRESS	0030166038	MADYT Autoserv	Buftea, Ilfov	000000000001599527	KUMHO	Summer	185/65R15 88T ES31	1	26/03/2024	8.0	3623	Tyre Only	D			
0030042972	ARVAL SERVICE LEASE ROMANIA SRL	Bucuresti	B120JGV	VF1RJK00371926363	RENAULT EXPRESS	0030166038	MADYT Autoserv	Buftea, Ilfov	000000000001599527	KUMHO	Summer	185/65R15 88T ES31	1	26/03/2024	8.0	3323	Tyre Only	D			
0030042972	ARVAL SERVICE LEASE ROMANIA SRL	Bucuresti	B120JGV	VF1RJK00371926363	RENAULT EXPRESS	0030166038	MADYT Autoserv	Buftea, Ilfov	000000000001599527	KUMHO	Summer	185/65R15 88T ES31	1	26/03/2024	8.0	3623	Tyre Only	D			
0030042972	ARVAL SERVICE LEASE ROMANIA SRL	Bucuresti	B120JGV	VF1RJK00371926363	RENAULT EXPRESS	0030166038	MADYT Autoserv	Buftea, Ilfov	000000000001599527	KUMHO	Summer	185/65R15 88T ES31	1	26/03/2024	8.0	3623	Tyre Only	D			
0030042972	ARVAL SERVICE LEASE ROMANIA SRL	Bucuresti	B120JGV	VF1RJK00371926363	RENAULT EXPRESS	0030166038	MADYT Autoserv	Buftea, Ilfov	000000000001599527	KUMHO	Summer	185/65R15 88T ES31	1	26/03/2024	8.0	3623	Tyre Only	D			
0030042972	ARVAL SERVICE LEASE ROMANIA SRL	Bucuresti	B120JHD	VF1RJK00271926435	RENAULT EXPRESS	0030166038	MADYT Autoserv	Buftea, Ilfov	000000000001599527	KUMHO	Summer	185/65R15 88T ES31	1	26/03/2024	8.0	3623	Tyre Only	D			
0030042972	ARVAL SERVICE LEASE ROMANIA SRL	Bucuresti	B120JHD	VF1RJK00271926435	RENAULT EXPRESS	0030166038	MADYT Autoserv	Buftea, Ilfov	000000000001599527	KUMHO	Summer	185/65R15 88T ES31	1	26/03/2024	8.0	3523	Tyre Only	D			
0030042972	ARVAL SERVICE LEASE ROMANIA SRL	Bucuresti	B120JHD	VF1RJK00271926435	RENAULT EXPRESS	0030166038	MADYT Autoserv	Buftea, Ilfov	000000000001599527	KUMHO	Summer	185/65R15 88T ES31	1	26/03/2024	8.0	3623	Tyre Only	D			
0030042972	ARVAL SERVICE LEASE ROMANIA SRL	Bucuresti	B120JHD	VF1RJK00271926435	RENAULT EXPRESS	0030166038	MADYT Autoserv	Buftea, Ilfov	000000000001599527	KUMHO	Summer	185/65R15 88T ES31	1	26/03/2024	8.0	3623	Tyre Only	D			
0030042972	ARVAL SERVICE LEASE ROMANIA SRL	Bucuresti	B120JHF	VF1RJK00371926413	RENAULT EXPRESS	0030166038	MADYT Autoserv	Buftea, Ilfov	000000000001599527	KUMHO	Summer	185/65R15 88T ES31	1	26/03/2024	8.0	3623	Tyre Only	D			
0030042972	ARVAL SERVICE LEASE ROMANIA SRL	Bucuresti	B120JHF	VF1RJK00371926413	RENAULT EXPRESS	0030166038	MADYT Autoserv	Buftea, Ilfov	000000000001599527	KUMHO	Summer	185/65R15 88T ES31	1	26/03/2024	8.0	3523	Tyre Only	D			
0030042972	ARVAL SERVICE LEASE ROMANIA SRL	Bucuresti	B120JHF	VF1RJK00371926413	RENAULT EXPRESS	0030166038	MADYT Autoserv	Buftea, Ilfov	000000000001599527	KUMHO	Summer	185/65R15 88T ES31	1	26/03/2024	8.0	3623	Tyre Only	D			
0030042972	ARVAL SERVICE LEASE ROMANIA SRL	Bucuresti	B120JHF	VF1RJK00371926413	RENAULT EXPRESS	0030166038	MADYT Autoserv	Buftea, Ilfov	000000000001599527	KUMHO	Summer	185/65R15 88T ES31	1	26/03/2024	8.0	3623	Tyre Only	D			
0030042972	ARVAL SERVICE LEASE ROMANIA SRL	Bucuresti	XB447MTR	NMTBZ3BE50R118422	TOYOTA COROLLA SEDAN	0030166038	MADYT Autoserv	Buftea, Ilfov	000000000000509845	GOODYEAR	All Season	205/55R16 91V EAG VECTOR EV-2	1	12/04/2024	7.0	4521	Tyre Only	D	ANV VECTOR 4 SEASON		
0030042972	ARVAL SERVICE LEASE ROMANIA SRL	Bucuresti	XB447MTR	NMTBZ3BE50R118422	TOYOTA COROLLA SEDAN	0030166038	MADYT Autoserv	Buftea, Ilfov	000000000000509845	GOODYEAR	All Season	205/55R16 91V EAG VECTOR EV-2	1	12/04/2024	7.0	4521	Tyre Only	D	ANV VECTOR 4 SEASON		
0030042972	ARVAL SERVICE LEASE ROMANIA SRL	Bucuresti	2190086162	NMTBA3BE70R023223	TOYOTA COROLLA SEDAN	0030166038	MADYT Autoserv	Buftea, Ilfov	000000000001588895	BRIDGESTONE	Summer	205/55R16 91V ECOPIA EP150	1	03/07/2024	7.0	3321	Tyre Only		Anvelopele ridicate de partenerul nostru Alfa Business		
0030042972	ARVAL SERVICE LEASE ROMANIA SRL	Bucuresti	2190086162	NMTBA3BE70R023223	TOYOTA COROLLA SEDAN	0030166038	MADYT Autoserv	Buftea, Ilfov	000000000001588895	BRIDGESTONE	Summer	205/55R16 91V ECOPIA EP150	1	03/07/2024	7.0	3321	Tyre Only		SS023223 = B234MTR		
0030042972	ARVAL SERVICE LEASE ROMANIA SRL	Bucuresti	2190086162	NMTBA3BE70R023223	TOYOTA COROLLA SEDAN	0030166038	MADYT Autoserv	Buftea, Ilfov	000000000001588895	BRIDGESTONE	Summer	205/55R16 91V ECOPIA EP150	1	03/07/2024	7.0	1321	Tyre Only		SS023223 = B234MTR		
0030042972	ARVAL SERVICE LEASE ROMANIA SRL	Bucuresti	2190086162	NMTBA3BE70R023223	TOYOTA COROLLA SEDAN	0030166038	MADYT Autoserv	Buftea, Ilfov	000000000001588895	BRIDGESTONE	Summer	205/55R16 91V ECOPIA EP150	1	03/07/2024	7.0	2221	Tyre Only		SS023223 = B234MTR		
0030042972	ARVAL SERVICE LEASE ROMANIA SRL	Bucuresti	XB265MTR	NMTK33BX10R164817	TOYOTA C-HR	0030166038	MADYT Autoserv	Buftea, Ilfov	000000000001575153	PIRELLI	Winter	215/60R17 96T CINTURATO WINTER	1	03/07/2024	8.0	2421	Tyre Only				
0030042972	ARVAL SERVICE LEASE ROMANIA SRL	Bucuresti	XB265MTR	NMTK33BX10R164817	TOYOTA C-HR	0030166038	MADYT Autoserv	Buftea, Ilfov	000000000001575153	PIRELLI	Winter	215/60R17 96T CINTURATO WINTER	1	03/07/2024	8.0	2421	Tyre Only				
0030042972	ARVAL SERVICE LEASE ROMANIA SRL	Bucuresti	XB265MTR	NMTK33BX10R164817	TOYOTA C-HR	0030166038	MADYT Autoserv	Buftea, Ilfov	000000000001575153	PIRELLI	Winter	215/60R17 96T CINTURATO WINTER	1	03/07/2024	8.0	2421	Tyre Only				
0030042972	ARVAL SERVICE LEASE ROMANIA SRL	Bucuresti	XB265MTR	NMTK33BX10R164817	TOYOTA C-HR	0030166038	MADYT Autoserv	Buftea, Ilfov	000000000001575153	PIRELLI	Winter	215/60R17 96T CINTURATO WINTER	1	03/07/2024	8.0	2421	Tyre Only				
0030042972	ARVAL SERVICE LEASE ROMANIA SRL	Bucuresti	XB265MTR	NMTK33BX10R164817	TOYOTA C-HR	0030166038	MADYT Autoserv	Buftea, Ilfov	000000000000587349	DUNLOP	Summer	215/60R17 96H ENASAVE EC300+ MFS	1	03/07/2024	7.0	4621	Tyre Only				
0030042972	ARVAL SERVICE LEASE ROMANIA SRL	Bucuresti	XB265MTR	NMTK33BX10R164817	TOYOTA C-HR	0030166038	MADYT Autoserv	Buftea, Ilfov	000000000000587349	DUNLOP	Summer	215/60R17 96H ENASAVE EC300+ MFS	1	03/07/2024	7.0	4621	Tyre Only				
0030042972	ARVAL SERVICE LEASE ROMANIA SRL	Bucuresti	XB265MTR	NMTK33BX10R164817	TOYOTA C-HR	0030166038	MADYT Autoserv	Buftea, Ilfov	000000000000587349	DUNLOP	Summer	215/60R17 96H ENASAVE EC300+ MFS	1	03/07/2024	7.0	4621	Tyre Only				
0030042972	ARVAL SERVICE LEASE ROMANIA SRL	Bucuresti	XB265MTR	NMTK33BX10R164817	TOYOTA C-HR	0030166038	MADYT Autoserv	Buftea, Ilfov	000000000000587349	DUNLOP	Summer	215/60R17 96H ENASAVE EC300+ MFS	1	03/07/2024	7.0	4621	Tyre Only				
0030042972	ARVAL SERVICE LEASE ROMANIA SRL	Bucuresti	XB287MTR	NMTK33BX70R164675	TOYOTA C-HR	0030166038	MADYT Autoserv	Buftea, Ilfov	000000000000587349	DUNLOP	Summer	215/60R17 96H ENASAVE EC300+ MFS	1	03/07/2024	7.0	3121	Tyre Only				
0030042972	ARVAL SERVICE LEASE ROMANIA SRL	Bucuresti	XB287MTR	NMTK33BX70R164675	TOYOTA C-HR	0030166038	MADYT Autoserv	Buftea, Ilfov	000000000000587349	DUNLOP	Summer	215/60R17 96H ENASAVE EC300+ MFS	1	03/07/2024	7.0	3121	Tyre Only				
0030042972	ARVAL SERVICE LEASE ROMANIA SRL	Bucuresti	XB287MTR	NMTK33BX70R164675	TOYOTA C-HR	0030166038	MADYT Autoserv	Buftea, Ilfov	000000000000587349	DUNLOP	Summer	215/60R17 96H ENASAVE EC300+ MFS	1	03/07/2024	7.0	3121	Tyre Only				
0030042972	ARVAL SERVICE LEASE ROMANIA SRL	Bucuresti	XB287MTR	NMTK33BX70R164675	TOYOTA C-HR	0030166038	MADYT Autoserv	Buftea, Ilfov	000000000000587349	DUNLOP	Summer	215/60R17 96H ENASAVE EC300+ MFS	1	03/07/2024	7.0	3121	Tyre Only				
0030042972	ARVAL SERVICE LEASE ROMANIA SRL	Bucuresti	XB339MTR	U5YH1515GML127582	KIA CEED HATCHBACK	0030166038	MADYT Autoserv	Buftea, Ilfov	000000000003113803	HANKOOK	Summer	195/65R15 91H KINERGY ECO2 K435	1	03/07/2024	7.0	4920	Tyre Only				
0030042972	ARVAL SERVICE LEASE ROMANIA SRL	Bucuresti	XB339MTR	U5YH1515GML127582	KIA CEED HATCHBACK	0030166038	MADYT Autoserv	Buftea, Ilfov	000000000003113803	HANKOOK	Summer	195/65R15 91H KINERGY ECO2 K435	1	03/07/2024	7.0	4920	Tyre Only				
0030042972	ARVAL SERVICE LEASE ROMANIA SRL	Bucuresti	XB339MTR	U5YH1515GML127582	KIA CEED HATCHBACK	0030166038	MADYT Autoserv	Buftea, Ilfov	000000000003113803	HANKOOK	Summer	195/65R15 91H KINERGY ECO2 K435	1	03/07/2024	7.0	4920	Tyre Only				
0030042972	ARVAL SERVICE LEASE ROMANIA SRL	Bucuresti	XB339MTR	U5YH1515GML127582	KIA CEED HATCHBACK	0030166038	MADYT Autoserv	Buftea, Ilfov	000000000003113803	HANKOOK	Summer	195/65R15 91H KINERGY ECO2 K435	1	03/07/2024	7.0	4920	Tyre Only				
0030042972	ARVAL SERVICE LEASE ROMANIA SRL	Bucuresti	XB461MTR	NMTK33BX30R161806	TOYOTA C-HR	0030166038	MADYT Autoserv	Buftea, Ilfov	000000000001563111	MICHELIN	Summer	215/60R17 96H PRIMACY3	1	03/07/2024	7.0	3221	Tyre Only				
0030042972	ARVAL SERVICE LEASE ROMANIA SRL	Bucuresti	XB461MTR	NMTK33BX30R161806	TOYOTA C-HR	0030166038	MADYT Autoserv	Buftea, Ilfov	000000000001563111	MICHELIN	Summer	215/60R17 96H PRIMACY3	1	03/07/2024	7.0	3221	Tyre Only				
0030042972	ARVAL SERVICE LEASE ROMANIA SRL	Bucuresti	XB461MTR	NMTK33BX30R161806	TOYOTA C-HR	0030166038	MADYT Autoserv	Buftea, Ilfov	000000000001563111	MICHELIN	Summer	215/60R17 96H PRIMACY3	1	03/07/2024	7.0	3221	Tyre Only				
0030042972	ARVAL SERVICE LEASE ROMANIA SRL	Bucuresti	XB461MTR	NMTK33BX30R161806	TOYOTA C-HR	0030166038	MADYT Autoserv	Buftea, Ilfov	000000000001563111	MICHELIN	Summer	215/60R17 96H PRIMACY3	1	03/07/2024	7.0	3221	Tyre Only				
0030042972	ARVAL SERVICE LEASE ROMANIA SRL	Bucuresti	XB462MTR	NMTK33BX20R162106	TOYOTA C-HR	0030166038	MADYT Autoserv	Buftea, Ilfov	000000000000587349	DUNLOP	Summer	215/60R17 96H ENASAVE EC300+ MFS	1	03/07/2024	7.0	4321	Tyre Only				
0030042972	ARVAL SERVICE LEASE ROMANIA SRL	Bucuresti	XB462MTR	NMTK33BX20R162106	TOYOTA C-HR	0030166038	MADYT Autoserv	Buftea, Ilfov	000000000000587349	DUNLOP	Summer	215/60R17 96H ENASAVE EC300+ MFS	1	03/07/2024	7.0	4321	Tyre Only				
0030042972	ARVAL SERVICE LEASE ROMANIA SRL	Bucuresti	XB462MTR	NMTK33BX20R162106	TOYOTA C-HR	0030166038	MADYT Autoserv	Buftea, Ilfov	000000000000587349	DUNLOP	Summer	215/60R17 96H ENASAVE EC300+ MFS	1	03/07/2024	7.0	4321	Tyre Only				
0030042972	ARVAL SERVICE LEASE ROMANIA SRL	Bucuresti	XB462MTR	NMTK33BX20R162106	TOYOTA C-HR	0030166038	MADYT Autoserv	Buftea, Ilfov	000000000000587349	DUNLOP	Summer	215/60R17 96H ENASAVE EC300+ MFS	1	03/07/2024	7.0	4321	Tyre Only				
0030042972	ARVAL SERVICE LEASE ROMANIA SRL	Bucuresti	XB504MTR	U5YPV81BHNL021016	KIA SPORTAGE	0030166038	MADYT Autoserv	Buftea, Ilfov	000000000001593226	MICHELIN	Summer	215/65R17 103V PRIMACY 4 XL	1	03/07/2024	7.0	0522	Tyre Only				
0030042972	ARVAL SERVICE LEASE ROMANIA SRL	Bucuresti	XB504MTR	U5YPV81BHNL021016	KIA SPORTAGE	0030166038	MADYT Autoserv	Buftea, Ilfov	000000000001593226	MICHELIN	Summer	215/65R17 103V PRIMACY 4 XL	1	03/07/2024	7.0	0522	Tyre Only				
0030042972	ARVAL SERVICE LEASE ROMANIA SRL	Bucuresti	XB504MTR	U5YPV81BHNL021016	KIA SPORTAGE	0030166038	MADYT Autoserv	Buftea, Ilfov	000000000001593226	MICHELIN	Summer	215/65R17 103V PRIMACY 4 XL	1	03/07/2024	7.0	0522	Tyre Only				
0030042972	ARVAL SERVICE LEASE ROMANIA SRL	Bucuresti	XB504MTR	U5YPV81BHNL021016	KIA SPORTAGE	0030166038	MADYT Autoserv	Buftea, Ilfov	000000000001593226	MICHELIN	Summer	215/65R17 103V PRIMACY 4 XL	1	03/07/2024	7.0	0522	Tyre Only				
0030042972	ARVAL SERVICE LEASE ROMANIA SRL	Bucuresti	XB506MTR	WVWZZZAWZNU004575	VOLKSWAGEN POLO	0030166038	MADYT Autoserv	Buftea, Ilfov	000000000001593443	BF GOODRICH	Winter	185/70R14 88T G-FORCE WINTER 2	1	03/07/2024	6.0	2221	Tyre Only				
0030042972	ARVAL SERVICE LEASE ROMANIA SRL	Bucuresti	XB506MTR	WVWZZZAWZNU004575	VOLKSWAGEN POLO	0030166038	MADYT Autoserv	Buftea, Ilfov	000000000001593443	BF GOODRICH	Winter	185/70R14 88T G-FORCE WINTER 2	1	03/07/2024	6.0	2221	Tyre Only				
0030042972	ARVAL SERVICE LEASE ROMANIA SRL	Bucuresti	XB506MTR	WVWZZZAWZNU004575	VOLKSWAGEN POLO	0030166038	MADYT Autoserv	Buftea, Ilfov	000000000001593443	BF GOODRICH	Winter	185/70R14 88T G-FORCE WINTER 2	1	03/07/2024	6.0	2221	Tyre Only				
0030042972	ARVAL SERVICE LEASE ROMANIA SRL	Bucuresti	XB506MTR	WVWZZZAWZNU004575	VOLKSWAGEN POLO	0030166038	MADYT Autoserv	Buftea, Ilfov	000000000001593443	BF GOODRICH	Winter	185/70R14 88T G-FORCE WINTER 2	1	03/07/2024	6.0	2221	Tyre Only				
0030042972	ARVAL SERVICE LEASE ROMANIA SRL	Bucuresti	XB750MTR	NMTK33BX40R160261	TOYOTA C-HR	0030166038	MADYT Autoserv	Buftea, Ilfov	000000000001563111	MICHELIN	Summer	215/60R17 96H PRIMACY3	1	03/07/2024	7.0	3321	Tyre Only				
0030042972	ARVAL SERVICE LEASE ROMANIA SRL	Bucuresti	XB750MTR	NMTK33BX40R160261	TOYOTA C-HR	0030166038	MADYT Autoserv	Buftea, Ilfov	000000000001563111	MICHELIN	Summer	215/60R17 96H PRIMACY3	1	03/07/2024	7.0	3321	Tyre Only				
0030042972	ARVAL SERVICE LEASE ROMANIA SRL	Bucuresti	XB750MTR	NMTK33BX40R160261	TOYOTA C-HR	0030166038	MADYT Autoserv	Buftea, Ilfov	000000000001563111	MICHELIN	Summer	215/60R17 96H PRIMACY3	1	03/07/2024	7.0	3921	Tyre Only				
0030042972	ARVAL SERVICE LEASE ROMANIA SRL	Bucuresti	XB750MTR	NMTK33BX40R160261	TOYOTA C-HR	0030166038	MADYT Autoserv	Buftea, Ilfov	000000000001563111	MICHELIN	Summer	215/60R17 96H PRIMACY3	1	03/07/2024	7.0	3321	Tyre Only				
0030042972	ARVAL SERVICE LEASE ROMANIA SRL	Bucuresti	XB805MTR	NMTK33BX00R173637	TOYOTA C-HR	0030166038	MADYT Autoserv	Buftea, Ilfov	000000000000587349	DUNLOP	Summer	215/60R17 96H ENASAVE EC300+ MFS	1	03/07/2024	7.0	4721	Tyre Only				
0030042972	ARVAL SERVICE LEASE ROMANIA SRL	Bucuresti	XB805MTR	NMTK33BX00R173637	TOYOTA C-HR	0030166038	MADYT Autoserv	Buftea, Ilfov	000000000000587349	DUNLOP	Summer	215/60R17 96H ENASAVE EC300+ MFS	1	03/07/2024	7.0	4721	Tyre Only				
0030042972	ARVAL SERVICE LEASE ROMANIA SRL	Bucuresti	XB805MTR	NMTK33BX00R173637	TOYOTA C-HR	0030166038	MADYT Autoserv	Buftea, Ilfov	000000000000587349	DUNLOP	Summer	215/60R17 96H ENASAVE EC300+ MFS	1	03/07/2024	7.0	4721	Tyre Only				
0030042972	ARVAL SERVICE LEASE ROMANIA SRL	Bucuresti	XB805MTR	NMTK33BX00R173637	TOYOTA C-HR	0030166038	MADYT Autoserv	Buftea, Ilfov	000000000000587349	DUNLOP	Summer	215/60R17 96H ENASAVE EC300+ MFS	1	03/07/2024	7.0	4321	Tyre Only				
0030042972	ARVAL SERVICE LEASE ROMANIA SRL	Bucuresti	XB816MTR	NMTK33BX50R163105	TOYOTA C-HR	0030166038	MADYT Autoserv	Buftea, Ilfov	000000000000587349	DUNLOP	Summer	215/60R17 96H ENASAVE EC300+ MFS	1	03/07/2024	7.0	3021	Tyre Only				
0030042972	ARVAL SERVICE LEASE ROMANIA SRL	Bucuresti	XB816MTR	NMTK33BX50R163105	TOYOTA C-HR	0030166038	MADYT Autoserv	Buftea, Ilfov	000000000000587349	DUNLOP	Summer	215/60R17 96H ENASAVE EC300+ MFS	1	03/07/2024	7.0	3121	Tyre Only				
0030042972	ARVAL SERVICE LEASE ROMANIA SRL	Bucuresti	XB816MTR	NMTK33BX50R163105	TOYOTA C-HR	0030166038	MADYT Autoserv	Buftea, Ilfov	000000000000587349	DUNLOP	Summer	215/60R17 96H ENASAVE EC300+ MFS	1	03/07/2024	7.0	3021	Tyre Only				
0030042972	ARVAL SERVICE LEASE ROMANIA SRL	Bucuresti	XB816MTR	NMTK33BX50R163105	TOYOTA C-HR	0030166038	MADYT Autoserv	Buftea, Ilfov	000000000000587349	DUNLOP	Summer	215/60R17 96H ENASAVE EC300+ MFS	1	03/07/2024	7.0	3121	Tyre Only				
0030042972	ARVAL SERVICE LEASE ROMANIA SRL	Bucuresti	XB822MTR	NMTK33BX80R163079	TOYOTA C-HR	0030166038	MADYT Autoserv	Buftea, Ilfov	000000000000587349	DUNLOP	Summer	215/60R17 96H ENASAVE EC300+ MFS	1	03/07/2024	7.0	4721	Tyre Only				
0030042972	ARVAL SERVICE LEASE ROMANIA SRL	Bucuresti	XB822MTR	NMTK33BX80R163079	TOYOTA C-HR	0030166038	MADYT Autoserv	Buftea, Ilfov	000000000000587349	DUNLOP	Summer	215/60R17 96H ENASAVE EC300+ MFS	1	03/07/2024	7.0	4321	Tyre Only				
0030042972	ARVAL SERVICE LEASE ROMANIA SRL	Bucuresti	XB822MTR	NMTK33BX80R163079	TOYOTA C-HR	0030166038	MADYT Autoserv	Buftea, Ilfov	000000000000587349	DUNLOP	Summer	215/60R17 96H ENASAVE EC300+ MFS	1	03/07/2024	7.0	4321	Tyre Only				
0030042972	ARVAL SERVICE LEASE ROMANIA SRL	Bucuresti	XB822MTR	NMTK33BX80R163079	TOYOTA C-HR	0030166038	MADYT Autoserv	Buftea, Ilfov	000000000000587349	DUNLOP	Summer	215/60R17 96H ENASAVE EC300+ MFS	1	03/07/2024	6.0	4321	Tyre Only				
0030042972	ARVAL SERVICE LEASE ROMANIA SRL	Bucuresti	XB842MTR	NMTK33BX60R173691	TOYOTA C-HR	0030166038	MADYT Autoserv	Buftea, Ilfov	000000000001563111	MICHELIN	Summer	215/60R17 96H PRIMACY3	1	03/07/2024	7.0	4521	Tyre Only		DONLOP		
0030042972	ARVAL SERVICE LEASE ROMANIA SRL	Bucuresti	XB842MTR	NMTK33BX60R173691	TOYOTA C-HR	0030166038	MADYT Autoserv	Buftea, Ilfov	000000000001563111	MICHELIN	Summer	215/60R17 96H PRIMACY3	1	03/07/2024	7.0	4521	Tyre Only				
0030042972	ARVAL SERVICE LEASE ROMANIA SRL	Bucuresti	XB842MTR	NMTK33BX60R173691	TOYOTA C-HR	0030166038	MADYT Autoserv	Buftea, Ilfov	000000000001563111	MICHELIN	Summer	215/60R17 96H PRIMACY3	1	03/07/2024	7.0	4521	Tyre Only				
0030042972	ARVAL SERVICE LEASE ROMANIA SRL	Bucuresti	XB842MTR	NMTK33BX60R173691	TOYOTA C-HR	0030166038	MADYT Autoserv	Buftea, Ilfov	000000000001563111	MICHELIN	Summer	215/60R17 96H PRIMACY3	1	03/07/2024	7.0	4521	Tyre Only				
0030042972	ARVAL SERVICE LEASE ROMANIA SRL	Bucuresti	XB363MTR	WVWZZZAWZNU000744	VOLKSWAGEN POLO	0030166038	MADYT Autoserv	Buftea, Ilfov	000000000001599525	KUMHO	Summer	185/65R15 88H ES31	1	08/07/2024	6.0	2521	Tyre Only				
0030042972	ARVAL SERVICE LEASE ROMANIA SRL	Bucuresti	XB363MTR	WVWZZZAWZNU000744	VOLKSWAGEN POLO	0030166038	MADYT Autoserv	Buftea, Ilfov	000000000001599525	KUMHO	Summer	185/65R15 88H ES31	1	08/07/2024	7.0	2521	Tyre Only				
0030042972	ARVAL SERVICE LEASE ROMANIA SRL	Bucuresti	XB363MTR	WVWZZZAWZNU000744	VOLKSWAGEN POLO	0030166038	MADYT Autoserv	Buftea, Ilfov	000000000001599525	KUMHO	Summer	185/65R15 88H ES31	1	08/07/2024	7.0	2521	Tyre Only				
0030042972	ARVAL SERVICE LEASE ROMANIA SRL	Bucuresti	XB363MTR	WVWZZZAWZNU000744	VOLKSWAGEN POLO	0030166038	MADYT Autoserv	Buftea, Ilfov	000000000001599525	KUMHO	Summer	185/65R15 88H ES31	1	08/07/2024	7.0	2521	Tyre Only				
0030042972	ARVAL SERVICE LEASE ROMANIA SRL	Bucuresti	XB364MTR	WVWZZZAWZNU000805	VOLKSWAGEN POLO	0030166038	MADYT Autoserv	Buftea, Ilfov	000000000001599525	KUMHO	Summer	185/65R15 88H ES31	1	08/07/2024	7.0	2321	Tyre Only				
0030042972	ARVAL SERVICE LEASE ROMANIA SRL	Bucuresti	XB364MTR	WVWZZZAWZNU000805	VOLKSWAGEN POLO	0030166038	MADYT Autoserv	Buftea, Ilfov	000000000001599525	KUMHO	Summer	185/65R15 88H ES31	1	08/07/2024	7.0	2321	Tyre Only				
0030042972	ARVAL SERVICE LEASE ROMANIA SRL	Bucuresti	XB364MTR	WVWZZZAWZNU000805	VOLKSWAGEN POLO	0030166038	MADYT Autoserv	Buftea, Ilfov	000000000001599525	KUMHO	Summer	185/65R15 88H ES31	1	08/07/2024	6.0	2321	Tyre Only				
0030042972	ARVAL SERVICE LEASE ROMANIA SRL	Bucuresti	XB364MTR	WVWZZZAWZNU000805	VOLKSWAGEN POLO	0030166038	MADYT Autoserv	Buftea, Ilfov	000000000001599525	KUMHO	Summer	185/65R15 88H ES31	1	08/07/2024	7.0	2321	Tyre Only				
0030042972	ARVAL SERVICE LEASE ROMANIA SRL	Bucuresti	B103VFH	UU18SDPJ563611050	DACIA DOKKER VU	0030166038	MADYT Autoserv	Buftea, Ilfov	000000000001594899	VIKING	Summer	185/65R15 92T PROTECH NEWGEN XL	1	24/09/2024	6.0	1123	Tyre Only	D			
0030042972	ARVAL SERVICE LEASE ROMANIA SRL	Bucuresti	B103VFH	UU18SDPJ563611050	DACIA DOKKER VU	0030166038	MADYT Autoserv	Buftea, Ilfov	000000000001594899	VIKING	Summer	185/65R15 92T PROTECH NEWGEN XL	1	24/09/2024	6.0	1123	Tyre Only	D			
0030042972	ARVAL SERVICE LEASE ROMANIA SRL	Bucuresti	B869CLS	WVWZZZ3CZME000755	VOLKSWAGEN PASSAT	0030166038	MADYT Autoserv	Buftea, Ilfov	000000000001590103	CONTINENTAL	Summer	215/55R17 94V ECOCONTACT 6 VW	1	21/10/2024	6.0	4223	Tyre Only	D			
0030042972	ARVAL SERVICE LEASE ROMANIA SRL	Bucuresti	B869CLS	WVWZZZ3CZME000755	VOLKSWAGEN PASSAT	0030166038	MADYT Autoserv	Buftea, Ilfov	000000000001590103	CONTINENTAL	Summer	215/55R17 94V ECOCONTACT 6 VW	1	21/10/2024	5.0	4123	Tyre Only	D			
0030042972	ARVAL SERVICE LEASE ROMANIA SRL	Bucuresti	B869CLS	WVWZZZ3CZME000755	VOLKSWAGEN PASSAT	0030166038	MADYT Autoserv	Buftea, Ilfov	000000000001590103	CONTINENTAL	Summer	215/55R17 94V ECOCONTACT 6 VW	1	21/10/2024	5.0	4223	Tyre Only	D			
0030042972	ARVAL SERVICE LEASE ROMANIA SRL	Bucuresti	B869CLS	WVWZZZ3CZME000755	VOLKSWAGEN PASSAT	0030166038	MADYT Autoserv	Buftea, Ilfov	000000000001590103	CONTINENTAL	Summer	215/55R17 94V ECOCONTACT 6 VW	1	21/10/2024	6.0	4123	Tyre Only	D			
0030042972	ARVAL SERVICE LEASE ROMANIA SRL	Bucuresti	B110JSD	WVWZZZ3CZME112464	VOLKSWAGEN PASSAT SEDAN	0030166038	MADYT Autoserv	Buftea, Ilfov	000000000000583634	GOODYEAR	Summer	215/60R16 99V EFFIGRIP PERF 2 XL	1	01/11/2024	8.0	1723	Tyre Only	D			
0030042972	ARVAL SERVICE LEASE ROMANIA SRL	Bucuresti	B110JSD	WVWZZZ3CZME112464	VOLKSWAGEN PASSAT SEDAN	0030166038	MADYT Autoserv	Buftea, Ilfov	000000000000583634	GOODYEAR	Summer	215/60R16 99V EFFIGRIP PERF 2 XL	1	01/11/2024	8.0	1723	Tyre Only	D			
0030042972	ARVAL SERVICE LEASE ROMANIA SRL	Bucuresti	B466FPS	VF1RJL004UC455118	RENAULT ARKANA	0030166038	MADYT Autoserv	Buftea, Ilfov	000000000003107122	KUMHO	Summer	215/55R18 95H HS51	1	11/11/2024	6.0	2623	Tyre Only	D			
0030042972	ARVAL SERVICE LEASE ROMANIA SRL	Bucuresti	B466FPS	VF1RJL004UC455118	RENAULT ARKANA	0030166038	MADYT Autoserv	Buftea, Ilfov	000000000003107122	KUMHO	Summer	215/55R18 95H HS51	1	11/11/2024	7.0	2623	Tyre Only	D			
0030042972	ARVAL SERVICE LEASE ROMANIA SRL	Bucuresti	B466FPS	VF1RJL004UC455118	RENAULT ARKANA	0030166038	MADYT Autoserv	Buftea, Ilfov	000000000003107122	KUMHO	Summer	215/55R18 95H HS51	1	11/11/2024	6.0	2623	Tyre Only	D			
0030042972	ARVAL SERVICE LEASE ROMANIA SRL	Bucuresti	B466FPS	VF1RJL004UC455118	RENAULT ARKANA	0030166038	MADYT Autoserv	Buftea, Ilfov	000000000003107122	KUMHO	Summer	215/55R18 95H HS51	1	11/11/2024	6.0	2623	Tyre Only	D			
0030152291	Autotehnica Fleet Services SRL	Bucuresti	B121CBL	WF02XXERK2PJ11181	N/A N/A	0030166038	MADYT Autoserv	Buftea, Ilfov	000000000000532514	SAVA	Winter	215/55R17 98V ESKIMO HP 2 XL FP	1	21/11/2024	9.0	3923	Tyre Only	D	RAMAN IN DEPOZITARE ANV DE IARNA		
0030152291	Autotehnica Fleet Services SRL	Bucuresti	B121CBL	WF02XXERK2PJ11181	N/A N/A	0030166038	MADYT Autoserv	Buftea, Ilfov	000000000000532514	SAVA	Winter	215/55R17 98V ESKIMO HP 2 XL FP	1	21/11/2024	9.0	3923	Tyre Only	D	RAMAN IN DEPOZITARE ANV DE IARNA		
0030152291	Autotehnica Fleet Services SRL	Bucuresti	B121CBL	WF02XXERK2PJ11181	N/A N/A	0030166038	MADYT Autoserv	Buftea, Ilfov	000000000000532514	SAVA	Winter	215/55R17 98V ESKIMO HP 2 XL FP	1	21/11/2024	9.0	3923	Tyre Only	D	RAMAN IN DEPOZITARE ANV DE IARNA		
0030152291	Autotehnica Fleet Services SRL	Bucuresti	B121CBL	WF02XXERK2PJ11181	N/A N/A	0030166038	MADYT Autoserv	Buftea, Ilfov	000000000000532514	SAVA	Winter	215/55R17 98V ESKIMO HP 2 XL FP	1	21/11/2024	9.0	3923	Tyre Only	D	RAMAN IN DEPOZITARE ANV DE IARNA		
0030152291	Autotehnica Fleet Services SRL	Bucuresti	B129AJB	VF1MB000372828388	REN MAST 2.3MAN REN MAST 2.3MAN	0030166038	MADYT Autoserv	Buftea, Ilfov	000000000001503270	CONTINENTAL	Summer	195/75R16TLC8107/105TVANCO-8	1	22/11/2024	7.0	1324					
0030152291	Autotehnica Fleet Services SRL	Bucuresti	B129AJB	VF1MB000372828388	REN MAST 2.3MAN REN MAST 2.3MAN	0030166038	MADYT Autoserv	Buftea, Ilfov	000000000001503270	CONTINENTAL	Summer	195/75R16TLC8107/105TVANCO-8	1	22/11/2024	7.0	1324					
0030152291	Autotehnica Fleet Services SRL	Bucuresti	B129AJB	VF1MB000372828388	REN MAST 2.3MAN REN MAST 2.3MAN	0030166038	MADYT Autoserv	Buftea, Ilfov	000000000001503270	CONTINENTAL	Summer	195/75R16TLC8107/105TVANCO-8	1	22/11/2024	7.0	1324					
0030152291	Autotehnica Fleet Services SRL	Bucuresti	B129AJB	VF1MB000372828388	REN MAST 2.3MAN REN MAST 2.3MAN	0030166038	MADYT Autoserv	Buftea, Ilfov	000000000001503270	CONTINENTAL	Summer	195/75R16TLC8107/105TVANCO-8	1	22/11/2024	7.0	1324					
0030152291	Autotehnica Fleet Services SRL	Bucuresti	B129AJB	VF1MB000372828388	REN MAST 2.3MAN REN MAST 2.3MAN	0030166038	MADYT Autoserv	Buftea, Ilfov	000000000001503270	CONTINENTAL	Summer	195/75R16TLC8107/105TVANCO-8	1	22/11/2024	7.0	1324					
0030152291	Autotehnica Fleet Services SRL	Bucuresti	B129AJB	VF1MB000372828388	REN MAST 2.3MAN REN MAST 2.3MAN	0030166038	MADYT Autoserv	Buftea, Ilfov	000000000001503270	CONTINENTAL	Summer	195/75R16TLC8107/105TVANCO-8	1	22/11/2024	7.0	1324					
0030042972	ARVAL SERVICE LEASE ROMANIA SRL	Bucuresti	B108DAY	WVGZZZCRZND005895	VOLKSWAGEN TOUAREG	0030166038	MADYT Autoserv	Buftea, Ilfov	000000000001582119	PIRELLI	Summer	255/55R19 107W P-ZERO (PZ4) S.C.	1	02/12/2024	6.0	2321	Tyre Only	D			
0030042972	ARVAL SERVICE LEASE ROMANIA SRL	Bucuresti	B108DAY	WVGZZZCRZND005895	VOLKSWAGEN TOUAREG	0030166038	MADYT Autoserv	Buftea, Ilfov	000000000001582119	PIRELLI	Summer	255/55R19 107W P-ZERO (PZ4) S.C.	1	02/12/2024	6.0	2321	Tyre Only	D			
0030042972	ARVAL SERVICE LEASE ROMANIA SRL	Bucuresti	B108DAY	WVGZZZCRZND005895	VOLKSWAGEN TOUAREG	0030166038	MADYT Autoserv	Buftea, Ilfov	000000000001582119	PIRELLI	Summer	255/55R19 107W P-ZERO (PZ4) S.C.	1	02/12/2024	6.0	2321	Tyre Only	D			
0030042972	ARVAL SERVICE LEASE ROMANIA SRL	Bucuresti	B108DAY	WVGZZZCRZND005895	VOLKSWAGEN TOUAREG	0030166038	MADYT Autoserv	Buftea, Ilfov	000000000001582119	PIRELLI	Summer	255/55R19 107W P-ZERO (PZ4) S.C.	1	02/12/2024	6.0	2321	Tyre Only	D			
0030042972	ARVAL SERVICE LEASE ROMANIA SRL	Bucuresti	B174CLS	W0VEFYHYCLJ689284	OPEL COMBO VU	0030166038	MADYT Autoserv	Buftea, Ilfov	000000000000531960	FULDA	Winter	205/55R16 91H KRI CONTROL HP 2	1	16/01/2025	9.0	2624	Tyre Only	D	5.0	2223	
0030042972	ARVAL SERVICE LEASE ROMANIA SRL	Bucuresti	B174CLS	W0VEFYHYCLJ689284	OPEL COMBO VU	0030166038	MADYT Autoserv	Buftea, Ilfov	000000000000531960	FULDA	Winter	205/55R16 91H KRI CONTROL HP 2	1	16/01/2025	9.0	2624	Tyre Only	D	5.0	2223	
0030042972	ARVAL SERVICE LEASE ROMANIA SRL	Bucuresti	XB109TUV	TMBAG7NE9L0055824	SKODA OCTAVIA	0030166038	MADYT Autoserv	Buftea, Ilfov	000000000003133275	OTHER COMPETITORS	Winter	205/55R16 91H DIMAX ALPINE	1	16/01/2025	6.0	3720	Tyre Only	D	CONT	2624	ALL S
0030042972	ARVAL SERVICE LEASE ROMANIA SRL	Bucuresti	XB109TUV	TMBAG7NE9L0055824	SKODA OCTAVIA	0030166038	MADYT Autoserv	Buftea, Ilfov	000000000003133275	OTHER COMPETITORS	Winter	205/55R16 91H DIMAX ALPINE	1	16/01/2025	7.0	3720	Tyre Only	D	CONT	2724	ALL S
0030042972	ARVAL SERVICE LEASE ROMANIA SRL	Bucuresti	B232FRO	JTDKBABB90A387052	TOYOTA YARIS CROSS	0030166038	MADYT Autoserv	Buftea, Ilfov	000000000003106506	FALKEN	Summer	205/65R16 95H ZIEX ZE010B BLK	1	27/01/2025	7.0	824	Tyre Only				
0030042972	ARVAL SERVICE LEASE ROMANIA SRL	Bucuresti	B232FRO	JTDKBABB90A387052	TOYOTA YARIS CROSS	0030166038	MADYT Autoserv	Buftea, Ilfov	000000000003106506	FALKEN	Summer	205/65R16 95H ZIEX ZE010B BLK	1	27/01/2025	7.0	824	Tyre Only				
0030042972	ARVAL SERVICE LEASE ROMANIA SRL	Bucuresti	B232FRO	JTDKBABB90A387052	TOYOTA YARIS CROSS	0030166038	MADYT Autoserv	Buftea, Ilfov	000000000003106506	FALKEN	Summer	205/65R16 95H ZIEX ZE010B BLK	1	27/01/2025	7.0	824	Tyre Only				
0030042972	ARVAL SERVICE LEASE ROMANIA SRL	Bucuresti	B232FRO	JTDKBABB90A387052	TOYOTA YARIS CROSS	0030166038	MADYT Autoserv	Buftea, Ilfov	000000000003106506	FALKEN	Summer	205/65R16 95H ZIEX ZE010B BLK	1	27/01/2025	7.0	824	Tyre Only				
0030042972	ARVAL SERVICE LEASE ROMANIA SRL	Bucuresti	B201FRO	WVWZZZCJ4SD026649	VOLKSWAGEN PASSAT	0030166038	MADYT Autoserv	Buftea, Ilfov	000000000003122410	BRIDGESTONE	Summer	235/45R18 94W TURANZA 6 (+) ENLITEN	1	03/03/2025	7.0	4624	Tyre Only				
0030042972	ARVAL SERVICE LEASE ROMANIA SRL	Bucuresti	B201FRO	WVWZZZCJ4SD026649	VOLKSWAGEN PASSAT	0030166038	MADYT Autoserv	Buftea, Ilfov	000000000003122410	BRIDGESTONE	Summer	235/45R18 94W TURANZA 6 (+) ENLITEN	1	03/03/2025	7.0	4624	Tyre Only				
0030042972	ARVAL SERVICE LEASE ROMANIA SRL	Bucuresti	B201FRO	WVWZZZCJ4SD026649	VOLKSWAGEN PASSAT	0030166038	MADYT Autoserv	Buftea, Ilfov	000000000003122410	BRIDGESTONE	Summer	235/45R18 94W TURANZA 6 (+) ENLITEN	1	03/03/2025	7.0	4624	Tyre Only				
0030042972	ARVAL SERVICE LEASE ROMANIA SRL	Bucuresti	B201FRO	WVWZZZCJ4SD026649	VOLKSWAGEN PASSAT	0030166038	MADYT Autoserv	Buftea, Ilfov	000000000003122410	BRIDGESTONE	Summer	235/45R18 94W TURANZA 6 (+) ENLITEN	1	03/03/2025	7.0	4624	Tyre Only				
0030042972	ARVAL SERVICE LEASE ROMANIA SRL	Bucuresti	B161CLS	TMBEG7NW4L3145312	SKODA SCALA	0030166038	MADYT Autoserv	Buftea, Ilfov	000000000000531960	FULDA	Winter	205/55R16 91H KRI CONTROL HP 2	1	22/04/2025	7.0	2624	Tyre Only	D			
0030042972	ARVAL SERVICE LEASE ROMANIA SRL	Bucuresti	B161CLS	TMBEG7NW4L3145312	SKODA SCALA	0030166038	MADYT Autoserv	Buftea, Ilfov	000000000000531960	FULDA	Winter	205/55R16 91H KRI CONTROL HP 2	1	22/04/2025	7.0	2624	Tyre Only	D			
0030042972	ARVAL SERVICE LEASE ROMANIA SRL	Bucuresti	B161CLS	TMBEG7NW4L3145312	SKODA SCALA	0030166038	MADYT Autoserv	Buftea, Ilfov	000000000000531960	FULDA	Winter	205/55R16 91H KRI CONTROL HP 2	1	22/04/2025	7.0	2624	Tyre Only	D			
0030042972	ARVAL SERVICE LEASE ROMANIA SRL	Bucuresti	B162CLS	ZFA25000002P49070	FIAT DUCATO FURGONE	0030166038	MADYT Autoserv	Buftea, Ilfov	000000000000571854	SAVA	Winter	215/70R15C 109/107S ESKIMO LT	1	22/04/2025	6.0	0423	Tyre Only	D			
0030042972	ARVAL SERVICE LEASE ROMANIA SRL	Bucuresti	B162CLS	ZFA25000002P49070	FIAT DUCATO FURGONE	0030166038	MADYT Autoserv	Buftea, Ilfov	000000000000571854	SAVA	Winter	215/70R15C 109/107S ESKIMO LT	1	22/04/2025	6.0	0423	Tyre Only	D			
0030042972	ARVAL SERVICE LEASE ROMANIA SRL	Bucuresti	B188CLS	W0VEFYHYCLJ687173	OPEL COMBO VU	0030166038	MADYT Autoserv	Buftea, Ilfov	000000000000531958	FULDA	Winter	205/60R16 96H KRI CONTROL HP 2 XL	1	22/04/2025	6.0	3922	Tyre Only	D			
0030042972	ARVAL SERVICE LEASE ROMANIA SRL	Bucuresti	B188CLS	W0VEFYHYCLJ687173	OPEL COMBO VU	0030166038	MADYT Autoserv	Buftea, Ilfov	000000000000531958	FULDA	Winter	205/60R16 96H KRI CONTROL HP 2 XL	1	22/04/2025	6.0	2223	Tyre Only	D			
0030042972	ARVAL SERVICE LEASE ROMANIA SRL	Bucuresti	B188CLS	W0VEFYHYCLJ687173	OPEL COMBO VU	0030166038	MADYT Autoserv	Buftea, Ilfov	000000000000531958	FULDA	Winter	205/60R16 96H KRI CONTROL HP 2 XL	1	22/04/2025	6.0	4322	Tyre Only	D			
0030042972	ARVAL SERVICE LEASE ROMANIA SRL	Bucuresti	B188CLS	W0VEFYHYCLJ687173	OPEL COMBO VU	0030166038	MADYT Autoserv	Buftea, Ilfov	000000000000531958	FULDA	Winter	205/60R16 96H KRI CONTROL HP 2 XL	1	22/04/2025	5.0	2223	Tyre Only	D			
0030042972	ARVAL SERVICE LEASE ROMANIA SRL	Bucuresti	B199CLS	W0VEFYHYCLJ564963	OPEL COMBO VU	0030166038	MADYT Autoserv	Buftea, Ilfov	000000000000531967	SAVA	Winter	205/60R16 96H ESKIMO HP 2 XL	1	22/04/2025	6.0	3223	Tyre Only	D			
0030042972	ARVAL SERVICE LEASE ROMANIA SRL	Bucuresti	B199CLS	W0VEFYHYCLJ564963	OPEL COMBO VU	0030166038	MADYT Autoserv	Buftea, Ilfov	000000000000531967	SAVA	Winter	205/60R16 96H ESKIMO HP 2 XL	1	22/04/2025	6.0	3223	Tyre Only	D			
0030042972	ARVAL SERVICE LEASE ROMANIA SRL	Bucuresti	B199CLS	W0VEFYHYCLJ564963	OPEL COMBO VU	0030166038	MADYT Autoserv	Buftea, Ilfov	000000000000531958	FULDA	Winter	205/60R16 96H KRI CONTROL HP 2 XL	1	22/04/2025	7.0	0924	Tyre Only	D			
0030042972	ARVAL SERVICE LEASE ROMANIA SRL	Bucuresti	B199CLS	W0VEFYHYCLJ564963	OPEL COMBO VU	0030166038	MADYT Autoserv	Buftea, Ilfov	000000000000531958	FULDA	Winter	205/60R16 96H KRI CONTROL HP 2 XL	1	22/04/2025	7.0	0824	Tyre Only	D			
0030042972	ARVAL SERVICE LEASE ROMANIA SRL	Bucuresti	XB158CLS	TMBEG7NW4L3143477	SKODA SCALA	0030166038	MADYT Autoserv	Buftea, Ilfov	000000000000531960	FULDA	Winter	205/55R16 91H KRI CONTROL HP 2	1	22/04/2025	7.0	2624	Tyre Only	D	NEXEN	Summer	205/60R16 96H N FERA PRIMUS
0030042972	ARVAL SERVICE LEASE ROMANIA SRL	Bucuresti	XB158CLS	TMBEG7NW4L3143477	SKODA SCALA	0030166038	MADYT Autoserv	Buftea, Ilfov	000000000000531960	FULDA	Winter	205/55R16 91H KRI CONTROL HP 2	1	22/04/2025	7.0	2624	Tyre Only	D	NEXEN	Summer	205/60R16 96H N FERA PRIMUS
0030042972	ARVAL SERVICE LEASE ROMANIA SRL	Bucuresti	XB158CLS	TMBEG7NW4L3143477	SKODA SCALA	0030166038	MADYT Autoserv	Buftea, Ilfov	000000000000531960	FULDA	Winter	205/55R16 91H KRI CONTROL HP 2	1	22/04/2025	7.0	2624	Tyre Only	D	NEXEN	Summer	205/60R16 96H N FERA PRIMUS
0030042972	ARVAL SERVICE LEASE ROMANIA SRL	Bucuresti	XB158CLS	TMBEG7NW4L3143477	SKODA SCALA	0030166038	MADYT Autoserv	Buftea, Ilfov	000000000000531960	FULDA	Winter	205/55R16 91H KRI CONTROL HP 2	1	22/04/2025	7.0	2624	Tyre Only	D	NEXEN	Summer	205/60R16 96H N FERA PRIMUS
0030042972	ARVAL SERVICE LEASE ROMANIA SRL	Bucuresti	B171CLS	W0VEFYHYCLJ687171	OPEL COMBO VU	0030166038	MADYT Autoserv	Buftea, Ilfov	000000000000531958	FULDA	Winter	205/60R16 96H KRI CONTROL HP 2 XL	1	23/04/2025	5.0	2323	Tyre Only	D			
0030042972	ARVAL SERVICE LEASE ROMANIA SRL	Bucuresti	B171CLS	W0VEFYHYCLJ687171	OPEL COMBO VU	0030166038	MADYT Autoserv	Buftea, Ilfov	000000000000531958	FULDA	Winter	205/60R16 96H KRI CONTROL HP 2 XL	1	23/04/2025	6.0	2922	Tyre Only	D			
0030042972	ARVAL SERVICE LEASE ROMANIA SRL	Bucuresti	B174CLS	W0VEFYHYCLJ689284	OPEL COMBO VU	0030166038	MADYT Autoserv	Buftea, Ilfov	000000000000531958	FULDA	Winter	205/60R16 96H KRI CONTROL HP 2 XL	1	23/04/2025	5.0	2223	Tyre Only	D			
0030042972	ARVAL SERVICE LEASE ROMANIA SRL	Bucuresti	B174CLS	W0VEFYHYCLJ689284	OPEL COMBO VU	0030166038	MADYT Autoserv	Buftea, Ilfov	000000000000531958	FULDA	Winter	205/60R16 96H KRI CONTROL HP 2 XL	1	23/04/2025	5.0	2223	Tyre Only	D			
0030042972	ARVAL SERVICE LEASE ROMANIA SRL	Bucuresti	B195CLS	W0VEFYHYCLJ687170	OPEL COMBO VU	0030166038	MADYT Autoserv	Buftea, Ilfov	000000000000531967	SAVA	Winter	205/60R16 96H ESKIMO HP 2 XL	1	23/04/2025	6.0	1723	Tyre Only	D			
0030042972	ARVAL SERVICE LEASE ROMANIA SRL	Bucuresti	B195CLS	W0VEFYHYCLJ687170	OPEL COMBO VU	0030166038	MADYT Autoserv	Buftea, Ilfov	000000000000531967	SAVA	Winter	205/60R16 96H ESKIMO HP 2 XL	1	23/04/2025	6.0	1723	Tyre Only	D			
0030042972	ARVAL SERVICE LEASE ROMANIA SRL	Bucuresti	B195CLS	W0VEFYHYCLJ687170	OPEL COMBO VU	0030166038	MADYT Autoserv	Buftea, Ilfov	000000000000531967	SAVA	Winter	205/60R16 96H ESKIMO HP 2 XL	1	23/04/2025	6.0	1723	Tyre Only	D			
0030042972	ARVAL SERVICE LEASE ROMANIA SRL	Bucuresti	B149CLS	TMBEG7NW3L3146600	SKODA SCALA	0030166038	MADYT Autoserv	Buftea, Ilfov	000000000000579057	FULDA	Winter	205/55R16 91T KRI MONTERO 3 MS	1	24/04/2025	6.0	0724	Tyre Only	D			
0030042972	ARVAL SERVICE LEASE ROMANIA SRL	Bucuresti	B149CLS	TMBEG7NW3L3146600	SKODA SCALA	0030166038	MADYT Autoserv	Buftea, Ilfov	000000000000579057	FULDA	Winter	205/55R16 91T KRI MONTERO 3 MS	1	24/04/2025	6.0	0724	Tyre Only	D			
0030042972	ARVAL SERVICE LEASE ROMANIA SRL	Bucuresti	B149CLS	TMBEG7NW3L3146600	SKODA SCALA	0030166038	MADYT Autoserv	Buftea, Ilfov	000000000000579057	FULDA	Winter	205/55R16 91T KRI MONTERO 3 MS	1	24/04/2025	7.0	2624	Tyre Only	D			
0030042972	ARVAL SERVICE LEASE ROMANIA SRL	Bucuresti	B149CLS	TMBEG7NW3L3146600	SKODA SCALA	0030166038	MADYT Autoserv	Buftea, Ilfov	000000000000579057	FULDA	Winter	205/55R16 91T KRI MONTERO 3 MS	1	24/04/2025	7.0	2624	Tyre Only	D			
0030042972	ARVAL SERVICE LEASE ROMANIA SRL	Bucuresti	B173CLS	W0VEFYHYCLJ689285	OPEL COMBO VU	0030166038	MADYT Autoserv	Buftea, Ilfov	000000000000539240	FULDA	Winter	205/60R16 92H KRI CONTROL HP 2	1	24/04/2025	7.0	3424	Tyre Only	D			
0030042972	ARVAL SERVICE LEASE ROMANIA SRL	Bucuresti	B173CLS	W0VEFYHYCLJ689285	OPEL COMBO VU	0030166038	MADYT Autoserv	Buftea, Ilfov	000000000000539240	FULDA	Winter	205/60R16 92H KRI CONTROL HP 2	1	24/04/2025	7.0	3424	Tyre Only	D			
0030042972	ARVAL SERVICE LEASE ROMANIA SRL	Bucuresti	B173CLS	W0VEFYHYCLJ689285	OPEL COMBO VU	0030166038	MADYT Autoserv	Buftea, Ilfov	000000000000539240	FULDA	Winter	205/60R16 92H KRI CONTROL HP 2	1	24/04/2025	7.0	3424	Tyre Only	D			
0030042972	ARVAL SERVICE LEASE ROMANIA SRL	Bucuresti	B173CLS	W0VEFYHYCLJ689285	OPEL COMBO VU	0030166038	MADYT Autoserv	Buftea, Ilfov	000000000000539240	FULDA	Winter	205/60R16 92H KRI CONTROL HP 2	1	24/04/2025	7.0	3424	Tyre Only	D			
0030042972	ARVAL SERVICE LEASE ROMANIA SRL	Bucuresti	B179CLS	W0VEFYHYCLJ687177	OPEL COMBO VU	0030166038	MADYT Autoserv	Buftea, Ilfov	000000000000531958	FULDA	Winter	205/60R16 96H KRI CONTROL HP 2 XL	1	24/04/2025	7.0	3424	Tyre Only	D			
0030042972	ARVAL SERVICE LEASE ROMANIA SRL	Bucuresti	B179CLS	W0VEFYHYCLJ687177	OPEL COMBO VU	0030166038	MADYT Autoserv	Buftea, Ilfov	000000000000531958	FULDA	Winter	205/60R16 96H KRI CONTROL HP 2 XL	1	24/04/2025	7.0	3424	Tyre Only	D			
0030042972	ARVAL SERVICE LEASE ROMANIA SRL	Bucuresti	B179CLS	W0VEFYHYCLJ687177	OPEL COMBO VU	0030166038	MADYT Autoserv	Buftea, Ilfov	000000000000531958	FULDA	Winter	205/60R16 96H KRI CONTROL HP 2 XL	1	24/04/2025	7.0	3424	Tyre Only	D			
0030042972	ARVAL SERVICE LEASE ROMANIA SRL	Bucuresti	B179CLS	W0VEFYHYCLJ687177	OPEL COMBO VU	0030166038	MADYT Autoserv	Buftea, Ilfov	000000000000531958	FULDA	Winter	205/60R16 96H KRI CONTROL HP 2 XL	1	24/04/2025	7.0	3424	Tyre Only	D			
0030042972	ARVAL SERVICE LEASE ROMANIA SRL	Bucuresti	B182CLS	W0VEFYHYCLJ687175	OPEL COMBO VU	0030166038	MADYT Autoserv	Buftea, Ilfov	000000000000539240	FULDA	Winter	205/60R16 92H KRI CONTROL HP 2	1	24/04/2025	6.0	3823	Tyre Only	D	SAVA		
0030042972	ARVAL SERVICE LEASE ROMANIA SRL	Bucuresti	B182CLS	W0VEFYHYCLJ687175	OPEL COMBO VU	0030166038	MADYT Autoserv	Buftea, Ilfov	000000000000539240	FULDA	Winter	205/60R16 92H KRI CONTROL HP 2	1	24/04/2025	6.0	4023	Tyre Only	D	SAVA		
0030042972	ARVAL SERVICE LEASE ROMANIA SRL	Bucuresti	B182CLS	W0VEFYHYCLJ687175	OPEL COMBO VU	0030166038	MADYT Autoserv	Buftea, Ilfov	000000000000539240	FULDA	Winter	205/60R16 92H KRI CONTROL HP 2	1	24/04/2025	6.0	3823	Tyre Only	D	SAVA		
0030042972	ARVAL SERVICE LEASE ROMANIA SRL	Bucuresti	B182CLS	W0VEFYHYCLJ687175	OPEL COMBO VU	0030166038	MADYT Autoserv	Buftea, Ilfov	000000000000539240	FULDA	Winter	205/60R16 92H KRI CONTROL HP 2	1	24/04/2025	6.0	3923	Tyre Only	D	SAVA		
0030042972	ARVAL SERVICE LEASE ROMANIA SRL	Bucuresti	B148CLS	TMBEG7NW1L3146059	SKODA SCALA	0030166038	MADYT Autoserv	Buftea, Ilfov	000000000000531960	FULDA	Winter	205/55R16 91H KRI CONTROL HP 2	1	25/04/2025	7.0	2624	Tyre Only	D			
0030042972	ARVAL SERVICE LEASE ROMANIA SRL	Bucuresti	B148CLS	TMBEG7NW1L3146059	SKODA SCALA	0030166038	MADYT Autoserv	Buftea, Ilfov	000000000000531960	FULDA	Winter	205/55R16 91H KRI CONTROL HP 2	1	25/04/2025	7.0	2624	Tyre Only	D			
0030042972	ARVAL SERVICE LEASE ROMANIA SRL	Bucuresti	B148CLS	TMBEG7NW1L3146059	SKODA SCALA	0030166038	MADYT Autoserv	Buftea, Ilfov	000000000000531960	FULDA	Winter	205/55R16 91H KRI CONTROL HP 2	1	25/04/2025	6.0	2624	Tyre Only	D			
0030042972	ARVAL SERVICE LEASE ROMANIA SRL	Bucuresti	B148CLS	TMBEG7NW1L3146059	SKODA SCALA	0030166038	MADYT Autoserv	Buftea, Ilfov	000000000000531960	FULDA	Winter	205/55R16 91H KRI CONTROL HP 2	1	25/04/2025	6.0	2624	Tyre Only	D			
0030042972	ARVAL SERVICE LEASE ROMANIA SRL	Bucuresti	B155CLS	W0VEFYHYCLJ689282	OPEL COMBO VU	0030166038	MADYT Autoserv	Buftea, Ilfov	000000000000539240	FULDA	Winter	205/60R16 92H KRI CONTROL HP 2	1	25/04/2025	5.0	2323	Tyre Only	D			
0030042972	ARVAL SERVICE LEASE ROMANIA SRL	Bucuresti	B155CLS	W0VEFYHYCLJ689282	OPEL COMBO VU	0030166038	MADYT Autoserv	Buftea, Ilfov	000000000000539240	FULDA	Winter	205/60R16 92H KRI CONTROL HP 2	1	25/04/2025	6.0	3722	Tyre Only	D			
0030152291	Autotehnica Fleet Services SRL	Bucuresti	B126AJB	VF1MB000172828387	6 BUC	0030166038	MADYT Autoserv	Buftea, Ilfov	000000000001610451	CONTINENTAL	Summer	195/75R16C 107/105R CONTIVANCONT.200 8	1	28/04/2025	6.2	1324	Alloy	PIELESTI			
0030152291	Autotehnica Fleet Services SRL	Bucuresti	B131AJB	VF1MB000172828390	N/A N/A	0030166038	MADYT Autoserv	Buftea, Ilfov	000000000000571842	SAVA	Winter	195/75R16C 107/105R ESKIMO LT	1	29/04/2025	6.2	1024	Tyre Only				
0030152291	Autotehnica Fleet Services SRL	Bucuresti	B131AJB	VF1MB000172828390	N/A N/A	0030166038	MADYT Autoserv	Buftea, Ilfov	000000000000571842	SAVA	Winter	195/75R16C 107/105R ESKIMO LT	1	29/04/2025	5.6	2324	Alloy				
0030152291	Autotehnica Fleet Services SRL	Bucuresti	B131AJB	VF1MB000172828390	N/A N/A	0030166038	MADYT Autoserv	Buftea, Ilfov	000000000000571842	SAVA	Winter	195/75R16C 107/105R ESKIMO LT	1	29/04/2025	5.5	2324	Alloy				
0030152291	Autotehnica Fleet Services SRL	Bucuresti	B131AJB	VF1MB000172828390	N/A N/A	0030166038	MADYT Autoserv	Buftea, Ilfov	000000000000571842	SAVA	Winter	195/75R16C 107/105R ESKIMO LT	1	29/04/2025	5.0	2324	Alloy				
0030152291	Autotehnica Fleet Services SRL	Bucuresti	B131AJB	VF1MB000172828390	N/A N/A	0030166038	MADYT Autoserv	Buftea, Ilfov	000000000000571842	SAVA	Winter	195/75R16C 107/105R ESKIMO LT	1	29/04/2025	6.6	2324	Alloy				
0030152291	Autotehnica Fleet Services SRL	Bucuresti	B131AJB	VF1MB000172828390	N/A N/A	0030166038	MADYT Autoserv	Buftea, Ilfov	000000000000571842	SAVA	Winter	195/75R16C 107/105R ESKIMO LT	1	29/04/2025	7.2	2324	Alloy	PIELESTI			
0030152291	Autotehnica Fleet Services SRL	Bucuresti	B130AJB	VF1MB000X72828386	? N/A	0030166038	MADYT Autoserv	Buftea, Ilfov	000000000000571842	SAVA	Winter	195/75R16C 107/105R ESKIMO LT	1	06/05/2025	5.9	2424	Alloy	CARCEA			
0030152291	Autotehnica Fleet Services SRL	Bucuresti	B130AJB	VF1MB000X72828386	? N/A	0030166038	MADYT Autoserv	Buftea, Ilfov	000000000000571842	SAVA	Winter	195/75R16C 107/105R ESKIMO LT	1	06/05/2025	5.7	2424	Alloy	CARCEA			
0030152291	Autotehnica Fleet Services SRL	Bucuresti	B130AJB	VF1MB000X72828386	? N/A	0030166038	MADYT Autoserv	Buftea, Ilfov	000000000000571842	SAVA	Winter	195/75R16C 107/105R ESKIMO LT	1	06/05/2025	5.2	2424	Alloy	CARCEA			
0030152291	Autotehnica Fleet Services SRL	Bucuresti	B130AJB	VF1MB000X72828386	? N/A	0030166038	MADYT Autoserv	Buftea, Ilfov	000000000000571842	SAVA	Winter	195/75R16C 107/105R ESKIMO LT	1	06/05/2025	6.0	2424	Alloy	CARCEA			
0030152291	Autotehnica Fleet Services SRL	Bucuresti	B130AJB	VF1MB000X72828386	? N/A	0030166038	MADYT Autoserv	Buftea, Ilfov	000000000000571842	SAVA	Winter	195/75R16C 107/105R ESKIMO LT	1	06/05/2025	6.4	2424	Tyre Only				
0030152291	Autotehnica Fleet Services SRL	Bucuresti	B130AJB	VF1MB000X72828386	? N/A	0030166038	MADYT Autoserv	Buftea, Ilfov	000000000000571842	SAVA	Winter	195/75R16C 107/105R ESKIMO LT	1	06/05/2025	6.4	2424	Tyre Only				
0030042972	ARVAL SERVICE LEASE ROMANIA SRL	Bucuresti	B175CLS	W0VEFYHYCLJ689283	OPEL COMBO VU	0030166038	MADYT Autoserv	Buftea, Ilfov	000000000000531958	FULDA	Winter	205/60R16 96H KRI CONTROL HP 2 XL	1	09/05/2025	7.0	0924	Tyre Only	D			
0030042972	ARVAL SERVICE LEASE ROMANIA SRL	Bucuresti	B175CLS	W0VEFYHYCLJ689283	OPEL COMBO VU	0030166038	MADYT Autoserv	Buftea, Ilfov	000000000000531958	FULDA	Winter	205/60R16 96H KRI CONTROL HP 2 XL	1	09/05/2025	7.0	0924	Tyre Only	D			
0030042972	ARVAL SERVICE LEASE ROMANIA SRL	Bucuresti	B112NNW	WVWZZZCDZNW508320	VOLKSWAGEN GOLF WAGON	0030166038	MADYT Autoserv	Buftea, Ilfov	000000000000530898	GOODYEAR	Winter	205/55R16 91T UG 9 MS	1	20/05/2025	6.0	4023	Tyre Only	D	predate 4 anv. pe 28.11.2025		
0030042972	ARVAL SERVICE LEASE ROMANIA SRL	Bucuresti	B112NNW	WVWZZZCDZNW508320	VOLKSWAGEN GOLF WAGON	0030166038	MADYT Autoserv	Buftea, Ilfov	000000000000530898	GOODYEAR	Winter	205/55R16 91T UG 9 MS	1	20/05/2025	7.0	4023	Tyre Only	D			
0030042972	ARVAL SERVICE LEASE ROMANIA SRL	Bucuresti	B151FRO	WBA11FJ010CS20987	BMW SERIES 5 SEDAN	0030166038	MADYT Autoserv	Buftea, Ilfov	000000000003114214	PIRELLI	Winter	245/40R20 99V P ZERO WINTER * MO XL	1	27/06/2025	7.0	0024	Tyre Only		NOI 2024 NEMONTAT ARVAL		
0030042972	ARVAL SERVICE LEASE ROMANIA SRL	Bucuresti	B151FRO	WBA11FJ010CS20987	BMW SERIES 5 SEDAN	0030166038	MADYT Autoserv	Buftea, Ilfov	000000000003114214	PIRELLI	Winter	245/40R20 99V P ZERO WINTER * MO XL	1	27/06/2025	7.0	0024	Tyre Only		NOI 2024 NEMONTAT ARVAL		
0030042972	ARVAL SERVICE LEASE ROMANIA SRL	Bucuresti	B151FRO	WBA11FJ010CS20987	BMW SERIES 5 SEDAN	0030166038	MADYT Autoserv	Buftea, Ilfov	000000000003114215	PIRELLI	Winter	275/35R20 102V P ZERO WINTER * MO XL	1	27/06/2025	7.0	0024	Tyre Only		NOI 2024 NEMONTAT ARVAL		
0030042972	ARVAL SERVICE LEASE ROMANIA SRL	Bucuresti	B151FRO	WBA11FJ010CS20987	BMW SERIES 5 SEDAN	0030166038	MADYT Autoserv	Buftea, Ilfov	000000000003114215	PIRELLI	Winter	275/35R20 102V P ZERO WINTER * MO XL	1	27/06/2025	7.0	0024	Tyre Only		NOI 2024 NEMONTAT ARVAL		
0030042972	ARVAL SERVICE LEASE ROMANIA SRL	Bucuresti	XB447MTR	NMTBZ3BE50R118422	TOYOTA COROLLA SEDAN	0030166038	MADYT Autoserv	Buftea, Ilfov	000000000000579174	SAVA	All Season	205/55R16 94V ALL WEATHER XL	1	27/06/2025	7.0	0024	Tyre Only		NOI 2024 NEMONTAT ARVAL		
0030042972	ARVAL SERVICE LEASE ROMANIA SRL	Bucuresti	XB447MTR	NMTBZ3BE50R118422	TOYOTA COROLLA SEDAN	0030166038	MADYT Autoserv	Buftea, Ilfov	000000000000579174	SAVA	All Season	205/55R16 94V ALL WEATHER XL	1	27/06/2025	7.0	0024	Tyre Only		NOI 2024 NEMONTAT ARVAL		
0030152291	Autotehnica Fleet Services SRL	Bucuresti	B122CBL	WF02XXERK2PJ12089	N/A N/A	0030166038	MADYT Autoserv	Buftea, Ilfov	000000000000545099	GOODYEAR	All Season	215/55R17 98W VEC 4SEASONS G3 XL	1	16/10/2025	7.0	3323	Tyre Only	D	ANV ALL SEASON		
0030152291	Autotehnica Fleet Services SRL	Bucuresti	B122CBL	WF02XXERK2PJ12089	N/A N/A	0030166038	MADYT Autoserv	Buftea, Ilfov	000000000000545099	GOODYEAR	All Season	215/55R17 98W VEC 4SEASONS G3 XL	1	16/10/2025	7.0	3323	Tyre Only	D	ANV ALL SEASON		
0030152291	Autotehnica Fleet Services SRL	Bucuresti	B122CBL	WF02XXERK2PJ12089	N/A N/A	0030166038	MADYT Autoserv	Buftea, Ilfov	000000000000545099	GOODYEAR	All Season	215/55R17 98W VEC 4SEASONS G3 XL	1	16/10/2025	6.0	3323	Tyre Only	D	ANV ALL SEASON		
0030152291	Autotehnica Fleet Services SRL	Bucuresti	B122CBL	WF02XXERK2PJ12089	N/A N/A	0030166038	MADYT Autoserv	Buftea, Ilfov	000000000000545099	GOODYEAR	All Season	215/55R17 98W VEC 4SEASONS G3 XL	1	16/10/2025	6.0	3323	Tyre Only	D	ANV ALL SEASON		
0030152291	Autotehnica Fleet Services SRL	Bucuresti	B202CBL	VF1RFB00971662891	N/A N/A	0030166038	MADYT Autoserv	Buftea, Ilfov	000000000000542449	GOODYEAR	Summer	205/55R16 91V EFFIGRIP PERF 2	1	16/10/2025	6.0	4023	Tyre Only				
0030152291	Autotehnica Fleet Services SRL	Bucuresti	B202CBL	VF1RFB00971662891	N/A N/A	0030166038	MADYT Autoserv	Buftea, Ilfov	000000000000542449	GOODYEAR	Summer	205/55R16 91V EFFIGRIP PERF 2	1	16/10/2025	6.0	4023	Tyre Only				
0030152291	Autotehnica Fleet Services SRL	Bucuresti	B202CBL	VF1RFB00971662891	N/A N/A	0030166038	MADYT Autoserv	Buftea, Ilfov	000000000000542449	GOODYEAR	Summer	205/55R16 91V EFFIGRIP PERF 2	1	16/10/2025	6.0	4023	Tyre Only				
0030152291	Autotehnica Fleet Services SRL	Bucuresti	B202CBL	VF1RFB00971662891	N/A N/A	0030166038	MADYT Autoserv	Buftea, Ilfov	000000000000542449	GOODYEAR	Summer	205/55R16 91V EFFIGRIP PERF 2	1	16/10/2025	6.0	4023	Tyre Only				
0030152291	Autotehnica Fleet Services SRL	Bucuresti	B776AON	TMAJC81BAMJ126788	N/A N/A	0030166038	MADYT Autoserv	Buftea, Ilfov	000000000001591873	CONTINENTAL	Summer	215/65R17 103V ECOCONTACT 6 XL	1	16/10/2025	5.0	3321	Tyre Only	D			
0030152291	Autotehnica Fleet Services SRL	Bucuresti	B776AON	TMAJC81BAMJ126788	N/A N/A	0030166038	MADYT Autoserv	Buftea, Ilfov	000000000001591873	CONTINENTAL	Summer	215/65R17 103V ECOCONTACT 6 XL	1	16/10/2025	5.0	3321	Tyre Only	D			
0030152291	Autotehnica Fleet Services SRL	Bucuresti	B776AON	TMAJC81BAMJ126788	N/A N/A	0030166038	MADYT Autoserv	Buftea, Ilfov	000000000001591873	CONTINENTAL	Summer	215/65R17 103V ECOCONTACT 6 XL	1	16/10/2025	4.0	3321	Tyre Only	D			
0030152291	Autotehnica Fleet Services SRL	Bucuresti	B776AON	TMAJC81BAMJ126788	N/A N/A	0030166038	MADYT Autoserv	Buftea, Ilfov	000000000001591873	CONTINENTAL	Summer	215/65R17 103V ECOCONTACT 6 XL	1	16/10/2025	4.0	3321	Tyre Only	D			
0030042972	ARVAL SERVICE LEASE ROMANIA SRL	Bucuresti	B76BAY	TMBLJ9NS1N8045594	SKODA KODIAQ	0030166038	MADYT Autoserv	Buftea, Ilfov	000000000000549670	GOODYEAR	Summer	215/65R17 99V EFFIGRIP PERF	1	17/10/2025	5.0	0224	Tyre Only	D			
0030042972	ARVAL SERVICE LEASE ROMANIA SRL	Bucuresti	B451GEO	UU1DJF00574311586	DACIA LOGAN	0030166038	MADYT Autoserv	Buftea, Ilfov	000000000001593429	CONTINENTAL	Summer	195/55R16 87H ECOCONTACT 6 CS	1	20/10/2025	5.0	4624	Tyre Only	D			
0030042972	ARVAL SERVICE LEASE ROMANIA SRL	Bucuresti	B451GEO	UU1DJF00574311586	DACIA LOGAN	0030166038	MADYT Autoserv	Buftea, Ilfov	000000000001593429	CONTINENTAL	Summer	195/55R16 87H ECOCONTACT 6 CS	1	20/10/2025	5.0	4624	Tyre Only	D			
0030042972	ARVAL SERVICE LEASE ROMANIA SRL	Bucuresti	B451GEO	UU1DJF00574311586	DACIA LOGAN	0030166038	MADYT Autoserv	Buftea, Ilfov	000000000001593429	CONTINENTAL	Summer	195/55R16 87H ECOCONTACT 6 CS	1	20/10/2025	5.0	4624	Tyre Only	D			
0030042972	ARVAL SERVICE LEASE ROMANIA SRL	Bucuresti	B451GEO	UU1DJF00574311586	DACIA LOGAN	0030166038	MADYT Autoserv	Buftea, Ilfov	000000000001593429	CONTINENTAL	Summer	195/55R16 87H ECOCONTACT 6 CS	1	20/10/2025	5.0	4624	Tyre Only	D			
0030042972	ARVAL SERVICE LEASE ROMANIA SRL	Bucuresti	B187CTY	NMTBD3BE50R010655	TOYOTA COROLLA SEDAN	0030166038	MADYT Autoserv	Buftea, Ilfov	000000000000529008	GOODYEAR	Summer	205/55R16 91V EFFICIENTGRIP	1	24/10/2025	8.0	4824	Tyre Only				
0030042972	ARVAL SERVICE LEASE ROMANIA SRL	Bucuresti	B187CTY	NMTBD3BE50R010655	TOYOTA COROLLA SEDAN	0030166038	MADYT Autoserv	Buftea, Ilfov	000000000000529008	GOODYEAR	Summer	205/55R16 91V EFFICIENTGRIP	1	24/10/2025	8.0	4824	Tyre Only				
0030042972	ARVAL SERVICE LEASE ROMANIA SRL	Bucuresti	B187CTY	NMTBD3BE50R010655	TOYOTA COROLLA SEDAN	0030166038	MADYT Autoserv	Buftea, Ilfov	000000000000529008	GOODYEAR	Summer	205/55R16 91V EFFICIENTGRIP	1	24/10/2025	7.0	4822	Tyre Only				
0030042972	ARVAL SERVICE LEASE ROMANIA SRL	Bucuresti	B187CTY	NMTBD3BE50R010655	TOYOTA COROLLA SEDAN	0030166038	MADYT Autoserv	Buftea, Ilfov	000000000000529008	GOODYEAR	Summer	205/55R16 91V EFFICIENTGRIP	1	24/10/2025	7.0	4822	Tyre Only				
0030042972	ARVAL SERVICE LEASE ROMANIA SRL	Bucuresti	B270FRO	JTDKBABBX0A390302	TOYOTA YARIS CROSS	0030166038	MADYT Autoserv	Buftea, Ilfov	000000000003106506	FALKEN	Summer	205/65R16 95H ZIEX ZE010B BLK	1	27/10/2025	6.0	0924	Tyre Only	D			
0030042972	ARVAL SERVICE LEASE ROMANIA SRL	Bucuresti	B270FRO	JTDKBABBX0A390302	TOYOTA YARIS CROSS	0030166038	MADYT Autoserv	Buftea, Ilfov	000000000003106506	FALKEN	Summer	205/65R16 95H ZIEX ZE010B BLK	1	27/10/2025	6.0	0924	Tyre Only	D			
0030042972	ARVAL SERVICE LEASE ROMANIA SRL	Bucuresti	B270FRO	JTDKBABBX0A390302	TOYOTA YARIS CROSS	0030166038	MADYT Autoserv	Buftea, Ilfov	000000000003106506	FALKEN	Summer	205/65R16 95H ZIEX ZE010B BLK	1	27/10/2025	6.0	0924	Tyre Only	D			
0030042972	ARVAL SERVICE LEASE ROMANIA SRL	Bucuresti	B270FRO	JTDKBABBX0A390302	TOYOTA YARIS CROSS	0030166038	MADYT Autoserv	Buftea, Ilfov	000000000003106506	FALKEN	Summer	205/65R16 95H ZIEX ZE010B BLK	1	27/10/2025	6.0	0924	Tyre Only	D			
0030152291	Autotehnica Fleet Services SRL	Bucuresti	B104AJB	AHTBB3CD501788340	? N/A	0030166038	MADYT Autoserv	Buftea, Ilfov	000000000001584433	BRIDGESTONE	Summer	265/60R18 H D684 II	1	29/10/2025	6.7	4523	Alloy	CARCEA	420		
0030152291	Autotehnica Fleet Services SRL	Bucuresti	B104AJB	AHTBB3CD501788340	? N/A	0030166038	MADYT Autoserv	Buftea, Ilfov	000000000001584433	BRIDGESTONE	Summer	265/60R18 H D684 II	1	29/10/2025	7.5	4523	Alloy	CARCEA	320		
0030152291	Autotehnica Fleet Services SRL	Bucuresti	B104AJB	AHTBB3CD501788340	? N/A	0030166038	MADYT Autoserv	Buftea, Ilfov	000000000001584433	BRIDGESTONE	Summer	265/60R18 H D684 II	1	29/10/2025	6.8	4523	Alloy	CARCEA	420		
0030152291	Autotehnica Fleet Services SRL	Bucuresti	B104AJB	AHTBB3CD501788340	? N/A	0030166038	MADYT Autoserv	Buftea, Ilfov	000000000001584433	BRIDGESTONE	Summer	265/60R18 H D684 II	1	29/10/2025	7.0	4523	Alloy	CARCEA	320		
0030042972	ARVAL SERVICE LEASE ROMANIA SRL	Bucuresti	B163FRO	JTNABACB30J036918	TOYOTA COROLLA CROSS	0030166038	MADYT Autoserv	Buftea, Ilfov	000000000000594447	DUNLOP	Summer	W225/50R18 95V SPT MAXX 050	1	31/10/2025	6.0	2324	Tyre Only	D			
0030042972	ARVAL SERVICE LEASE ROMANIA SRL	Bucuresti	B163FRO	JTNABACB30J036918	TOYOTA COROLLA CROSS	0030166038	MADYT Autoserv	Buftea, Ilfov	000000000000594447	DUNLOP	Summer	W225/50R18 95V SPT MAXX 050	1	31/10/2025	6.0	2324	Tyre Only	D			
0030042972	ARVAL SERVICE LEASE ROMANIA SRL	Bucuresti	B163FRO	JTNABACB30J036918	TOYOTA COROLLA CROSS	0030166038	MADYT Autoserv	Buftea, Ilfov	000000000000594447	DUNLOP	Summer	W225/50R18 95V SPT MAXX 050	1	31/10/2025	6.0	2324	Tyre Only	D			
0030042972	ARVAL SERVICE LEASE ROMANIA SRL	Bucuresti	B267FRO	JTNABACB60J033401	TOYOTA COROLLA CROSS	0030166038	MADYT Autoserv	Buftea, Ilfov	000000000000594447	DUNLOP	Summer	W225/50R18 95V SPT MAXX 050	1	31/10/2025	6.0	1224	Tyre Only	D			
0030042972	ARVAL SERVICE LEASE ROMANIA SRL	Bucuresti	B267FRO	JTNABACB60J033401	TOYOTA COROLLA CROSS	0030166038	MADYT Autoserv	Buftea, Ilfov	000000000000594447	DUNLOP	Summer	W225/50R18 95V SPT MAXX 050	1	31/10/2025	6.0	1224	Tyre Only	D			
0030042972	ARVAL SERVICE LEASE ROMANIA SRL	Bucuresti	B267FRO	JTNABACB60J033401	TOYOTA COROLLA CROSS	0030166038	MADYT Autoserv	Buftea, Ilfov	000000000000594447	DUNLOP	Summer	W225/50R18 95V SPT MAXX 050	1	31/10/2025	6.0	1224	Tyre Only	D			
0030042972	ARVAL SERVICE LEASE ROMANIA SRL	Bucuresti	B267FRO	JTNABACB60J033401	TOYOTA COROLLA CROSS	0030166038	MADYT Autoserv	Buftea, Ilfov	000000000000594447	DUNLOP	Summer	W225/50R18 95V SPT MAXX 050	1	31/10/2025	6.0	1224	Tyre Only	D			
0030152291	Autotehnica Fleet Services SRL	Bucuresti	B113RSW	WVWZZZAWZMU087584	N/A N/A	0030166038	MADYT Autoserv	Buftea, Ilfov	000000000001579225	FALKEN	Summer	185/70R14 88H SN832AEC	1	10/11/2025	4.0	0221	Tyre Only	D			
0030152291	Autotehnica Fleet Services SRL	Bucuresti	B113RSW	WVWZZZAWZMU087584	N/A N/A	0030166038	MADYT Autoserv	Buftea, Ilfov	000000000001579225	FALKEN	Summer	185/70R14 88H SN832AEC	1	10/11/2025	5.0	0221	Tyre Only	D			
0030152291	Autotehnica Fleet Services SRL	Bucuresti	B113RSW	WVWZZZAWZMU087584	N/A N/A	0030166038	MADYT Autoserv	Buftea, Ilfov	000000000001579225	FALKEN	Summer	185/70R14 88H SN832AEC	1	10/11/2025	5.0	0221	Tyre Only	D			
0030152291	Autotehnica Fleet Services SRL	Bucuresti	B113RSW	WVWZZZAWZMU087584	N/A N/A	0030166038	MADYT Autoserv	Buftea, Ilfov	000000000001579225	FALKEN	Summer	185/70R14 88H SN832AEC	1	10/11/2025	4.0	0221	Tyre Only	D			
0030152291	Autotehnica Fleet Services SRL	Bucuresti	B119HTI	NMTBD3BEX0R022848	N/A N/A	0030166038	MADYT Autoserv	Buftea, Ilfov	000000000001588977	FALKEN	Summer	205/55R16 91V SN832B	1	15/11/2025	6.0	2923	Tyre Only	BEST TIRES MILITARI			
0030152291	Autotehnica Fleet Services SRL	Bucuresti	B119HTI	NMTBD3BEX0R022848	N/A N/A	0030166038	MADYT Autoserv	Buftea, Ilfov	000000000001588977	FALKEN	Summer	205/55R16 91V SN832B	1	15/11/2025	6.0	2923	Tyre Only	BEST TIRES MILITARI			
0030152291	Autotehnica Fleet Services SRL	Bucuresti	B119HTI	NMTBD3BEX0R022848	N/A N/A	0030166038	MADYT Autoserv	Buftea, Ilfov	000000000001588977	FALKEN	Summer	205/55R16 91V SN832B	1	15/11/2025	6.0	2923	Tyre Only	BEST TIRES MILITARI			
0030152291	Autotehnica Fleet Services SRL	Bucuresti	B119HTI	NMTBD3BEX0R022848	N/A N/A	0030166038	MADYT Autoserv	Buftea, Ilfov	000000000001588977	FALKEN	Summer	205/55R16 91V SN832B	1	15/11/2025	6.0	2923	Tyre Only	BEST TIRES MILITARI			
0030042972	ARVAL SERVICE LEASE ROMANIA SRL	Bucuresti	B118GNK	W1KAF4DB3PR123678	MERCEDES C-CLASS SEDAN	0030166038	MADYT Autoserv	Buftea, Ilfov	000000000003103649	BRIDGESTONE	Summer	245/40R18 97Y TURANZA T005 MO XL	1	21/11/2025	6.0	0523	Tyre Only	D			
0030042972	ARVAL SERVICE LEASE ROMANIA SRL	Bucuresti	B118GNK	W1KAF4DB3PR123678	MERCEDES C-CLASS SEDAN	0030166038	MADYT Autoserv	Buftea, Ilfov	000000000003103649	BRIDGESTONE	Summer	245/40R18 97Y TURANZA T005 MO XL	1	21/11/2025	6.0	0523	Tyre Only	D			
0030042972	ARVAL SERVICE LEASE ROMANIA SRL	Bucuresti	B118GNK	W1KAF4DB3PR123678	MERCEDES C-CLASS SEDAN	0030166038	MADYT Autoserv	Buftea, Ilfov	000000000003103648	BRIDGESTONE	Summer	225/45R18 95Y TURANZA T005 MO XL	1	21/11/2025	6.0	0523	Tyre Only	D			
0030042972	ARVAL SERVICE LEASE ROMANIA SRL	Bucuresti	B118GNK	W1KAF4DB3PR123678	MERCEDES C-CLASS SEDAN	0030166038	MADYT Autoserv	Buftea, Ilfov	000000000003103648	BRIDGESTONE	Summer	225/45R18 95Y TURANZA T005 MO XL	1	21/11/2025	6.0	0523	Tyre Only	D			
0030042972	ARVAL SERVICE LEASE ROMANIA SRL	Bucuresti	B246FRO	JTDKBABB70A382139	TOYOTA YARIS CROSS	0030166038	MADYT Autoserv	Buftea, Ilfov	000000000003106506	FALKEN	Summer	205/65R16 95H ZIEX ZE010B BLK	1	21/11/2025	6.0	0624	Tyre Only	D			
0030042972	ARVAL SERVICE LEASE ROMANIA SRL	Bucuresti	B246FRO	JTDKBABB70A382139	TOYOTA YARIS CROSS	0030166038	MADYT Autoserv	Buftea, Ilfov	000000000003106506	FALKEN	Summer	205/65R16 95H ZIEX ZE010B BLK	1	21/11/2025	6.0	0524	Tyre Only	D			
0030042972	ARVAL SERVICE LEASE ROMANIA SRL	Bucuresti	B246FRO	JTDKBABB70A382139	TOYOTA YARIS CROSS	0030166038	MADYT Autoserv	Buftea, Ilfov	000000000003106506	FALKEN	Summer	205/65R16 95H ZIEX ZE010B BLK	1	21/11/2025	6.0	0524	Tyre Only	D			
0030042972	ARVAL SERVICE LEASE ROMANIA SRL	Bucuresti	B246FRO	JTDKBABB70A382139	TOYOTA YARIS CROSS	0030166038	MADYT Autoserv	Buftea, Ilfov	000000000003106506	FALKEN	Summer	205/65R16 95H ZIEX ZE010B BLK	1	21/11/2025	6.0	0624	Tyre Only	D			
0030042972	ARVAL SERVICE LEASE ROMANIA SRL	Bucuresti	B186CTY	NMTBD3BE70R010723	TOYOTA COROLLA SEDAN	0030166038	MADYT Autoserv	Buftea, Ilfov	000000000001541723	BRIDGESTONE	Summer	205/55R16 91V ECOPIA EP150	1	03/12/2025	6.0	1523	Tyre Only	D			
0030042972	ARVAL SERVICE LEASE ROMANIA SRL	Bucuresti	B186CTY	NMTBD3BE70R010723	TOYOTA COROLLA SEDAN	0030166038	MADYT Autoserv	Buftea, Ilfov	000000000001541723	BRIDGESTONE	Summer	205/55R16 91V ECOPIA EP150	1	03/12/2025	6.0	0823	Tyre Only	D			
0030042972	ARVAL SERVICE LEASE ROMANIA SRL	Bucuresti	B186CTY	NMTBD3BE70R010723	TOYOTA COROLLA SEDAN	0030166038	MADYT Autoserv	Buftea, Ilfov	000000000001541723	BRIDGESTONE	Summer	205/55R16 91V ECOPIA EP150	1	03/12/2025	6.0	1523	Tyre Only	D			
0030042972	ARVAL SERVICE LEASE ROMANIA SRL	Bucuresti	B186CTY	NMTBD3BE70R010723	TOYOTA COROLLA SEDAN	0030166038	MADYT Autoserv	Buftea, Ilfov	000000000001541723	BRIDGESTONE	Summer	205/55R16 91V ECOPIA EP150	1	03/12/2025	6.0	0823	Tyre Only	D			
0030042972	ARVAL SERVICE LEASE ROMANIA SRL	Bucuresti	B162FRO	JTNABACB70J037666	TOYOTA COROLLA CROSS	0030166038	MADYT Autoserv	Buftea, Ilfov	000000000000594447	DUNLOP	Summer	W225/50R18 95V SPT MAXX 050	1	08/12/2025	6.0	2224	Tyre Only	D			
0030042972	ARVAL SERVICE LEASE ROMANIA SRL	Bucuresti	B162FRO	JTNABACB70J037666	TOYOTA COROLLA CROSS	0030166038	MADYT Autoserv	Buftea, Ilfov	000000000000594447	DUNLOP	Summer	W225/50R18 95V SPT MAXX 050	1	08/12/2025	6.0	2224	Tyre Only	D			
0030042972	ARVAL SERVICE LEASE ROMANIA SRL	Bucuresti	B162FRO	JTNABACB70J037666	TOYOTA COROLLA CROSS	0030166038	MADYT Autoserv	Buftea, Ilfov	000000000000594447	DUNLOP	Summer	W225/50R18 95V SPT MAXX 050	1	08/12/2025	6.0	2224	Tyre Only	D			
0030042972	ARVAL SERVICE LEASE ROMANIA SRL	Bucuresti	B162FRO	JTNABACB70J037666	TOYOTA COROLLA CROSS	0030166038	MADYT Autoserv	Buftea, Ilfov	000000000000594447	DUNLOP	Summer	W225/50R18 95V SPT MAXX 050	1	08/12/2025	6.0	2224	Tyre Only	D			
0030042972	ARVAL SERVICE LEASE ROMANIA SRL	Bucuresti	B249FRO	JTDKBABB90A381204	TOYOTA YARIS CROSS	0030166038	MADYT Autoserv	Buftea, Ilfov	000000000003106506	FALKEN	Summer	205/65R16 95H ZIEX ZE010B BLK	1	05/01/2026	6.0	0724	Tyre Only	D			
0030042972	ARVAL SERVICE LEASE ROMANIA SRL	Bucuresti	B249FRO	JTDKBABB90A381204	TOYOTA YARIS CROSS	0030166038	MADYT Autoserv	Buftea, Ilfov	000000000003106506	FALKEN	Summer	205/65R16 95H ZIEX ZE010B BLK	1	05/01/2026	5.0	0624	Tyre Only	D			
0030042972	ARVAL SERVICE LEASE ROMANIA SRL	Bucuresti	B249FRO	JTDKBABB90A381204	TOYOTA YARIS CROSS	0030166038	MADYT Autoserv	Buftea, Ilfov	000000000003106506	FALKEN	Summer	205/65R16 95H ZIEX ZE010B BLK	1	05/01/2026	6.0	0624	Tyre Only	D			
0030042972	ARVAL SERVICE LEASE ROMANIA SRL	Bucuresti	B249FRO	JTDKBABB90A381204	TOYOTA YARIS CROSS	0030166038	MADYT Autoserv	Buftea, Ilfov	000000000003106506	FALKEN	Summer	205/65R16 95H ZIEX ZE010B BLK	1	05/01/2026	5.0	0624	Tyre Only	D			
0030042972	ARVAL SERVICE LEASE ROMANIA SRL	Bucuresti	B24BWA	YV1LFM1V1S1298577	VOLVO XC90	0030166038	MADYT Autoserv	Buftea, Ilfov	000000000001593526	MICHELIN	Summer	275/45R20 110V PILOT SPORT 4 SUV VOL XL	1	05/01/2026	5.0	1824	Tyre Only	D			
0030042972	ARVAL SERVICE LEASE ROMANIA SRL	Bucuresti	B24BWA	YV1LFM1V1S1298577	VOLVO XC90	0030166038	MADYT Autoserv	Buftea, Ilfov	000000000001593526	MICHELIN	Summer	275/45R20 110V PILOT SPORT 4 SUV VOL XL	1	05/01/2026	5.0	1824	Tyre Only	D			
0030042972	ARVAL SERVICE LEASE ROMANIA SRL	Bucuresti	B24BWA	YV1LFM1V1S1298577	VOLVO XC90	0030166038	MADYT Autoserv	Buftea, Ilfov	000000000001593526	MICHELIN	Summer	275/45R20 110V PILOT SPORT 4 SUV VOL XL	1	05/01/2026	6.0	1724	Tyre Only	D			
0030042972	ARVAL SERVICE LEASE ROMANIA SRL	Bucuresti	B24BWA	YV1LFM1V1S1298577	VOLVO XC90	0030166038	MADYT Autoserv	Buftea, Ilfov	000000000001593526	MICHELIN	Summer	275/45R20 110V PILOT SPORT 4 SUV VOL XL	1	05/01/2026	6.0	1724	Tyre Only	D			
0030042972	ARVAL SERVICE LEASE ROMANIA SRL	Bucuresti	B113TCD	VF1RJA00068580613	RENAULT CLIO	0030166038	MADYT Autoserv	Buftea, Ilfov	000000000001581300	BRIDGESTONE	Summer	185/65R15 88H TURANZA T005	1	09/01/2026	6.0	3621	Tyre Only	D			
0030042972	ARVAL SERVICE LEASE ROMANIA SRL	Bucuresti	B113TCD	VF1RJA00068580613	RENAULT CLIO	0030166038	MADYT Autoserv	Buftea, Ilfov	000000000001581300	BRIDGESTONE	Summer	185/65R15 88H TURANZA T005	1	09/01/2026	6.0	3621	Tyre Only	D			
0030042972	ARVAL SERVICE LEASE ROMANIA SRL	Bucuresti	B113TCD	VF1RJA00068580613	RENAULT CLIO	0030166038	MADYT Autoserv	Buftea, Ilfov	000000000001581300	BRIDGESTONE	Summer	185/65R15 88H TURANZA T005	1	09/01/2026	6.0	3621	Tyre Only	D			
0030042972	ARVAL SERVICE LEASE ROMANIA SRL	Bucuresti	B113TCD	VF1RJA00068580613	RENAULT CLIO	0030166038	MADYT Autoserv	Buftea, Ilfov	000000000001581300	BRIDGESTONE	Summer	185/65R15 88H TURANZA T005	1	09/01/2026	6.0	3621	Tyre Only	D			
0030152291	Autotehnica Fleet Services SRL	Bucuresti	B112FJH	WVWZZZ3CZME133525	N/A N/A	0030166038	MADYT Autoserv	Buftea, Ilfov	000000000000547055	DEBICA	Summer	215/60R16 99V PRESTO HP 2 XL	1	04/03/2026	7.0	1625	Tyre Only	D			
0030152291	Autotehnica Fleet Services SRL	Bucuresti	B112FJH	WVWZZZ3CZME133525	N/A N/A	0030166038	MADYT Autoserv	Buftea, Ilfov	000000000000547068	SAVA	Summer	215/60R16 99V INTENSA HP 2 XL	1	04/03/2026	7.0	4722	Tyre Only	D			
0030152291	Autotehnica Fleet Services SRL	Bucuresti	B112FJH	WVWZZZ3CZME133525	N/A N/A	0030166038	MADYT Autoserv	Buftea, Ilfov	000000000000547068	SAVA	Summer	215/60R16 99V INTENSA HP 2 XL	1	04/03/2026	6.0	4722	Tyre Only	D			
0030152291	Autotehnica Fleet Services SRL	Bucuresti	B112FJH	WVWZZZ3CZME133525	N/A N/A	0030166038	MADYT Autoserv	Buftea, Ilfov	000000000000547055	DEBICA	Summer	215/60R16 99V PRESTO HP 2 XL	1	04/03/2026	6.0	1625	Tyre Only	D	LIPSA CAPAC LA UN PREZON FATA		
0030152291	Autotehnica Fleet Services SRL	Bucuresti	B124AJB	VF1HJD40772764376	N/A N/A	0030166038	MADYT Autoserv	Buftea, Ilfov	000000000003153203	RIKEN	Summer	215/60R17 96V 701	1	04/03/2026	6.0	0425	Tyre Only	D			
0030152291	Autotehnica Fleet Services SRL	Bucuresti	B124AJB	VF1HJD40772764376	N/A N/A	0030166038	MADYT Autoserv	Buftea, Ilfov	000000000003153203	RIKEN	Summer	215/60R17 96V 701	1	04/03/2026	6.0	0425	Tyre Only	D			
0030152291	Autotehnica Fleet Services SRL	Bucuresti	B124AJB	VF1HJD40772764376	N/A N/A	0030166038	MADYT Autoserv	Buftea, Ilfov	000000000000598560	GOODYEAR	All Season	215/60R17 100H VEC 4SEASONS G3 XL	1	04/03/2026	5.0	1724	Tyre Only	D			
0030152291	Autotehnica Fleet Services SRL	Bucuresti	B124AJB	VF1HJD40772764376	N/A N/A	0030166038	MADYT Autoserv	Buftea, Ilfov	000000000000598560	GOODYEAR	All Season	215/60R17 100H VEC 4SEASONS G3 XL	1	04/03/2026	5.0	1724	Tyre Only	D			
0030042972	ARVAL SERVICE LEASE ROMANIA SRL	Bucuresti	B254FRO	JTDKBABB00A381253	TOYOTA YARIS CROSS	0030166038	MADYT Autoserv	Buftea, Ilfov	000000000000542921	GOODYEAR	Winter	205/65R16 95H UG 8 PERFORMANCE MS *	1	04/03/2026	7.0	3823	Tyre Only	D			
0030042972	ARVAL SERVICE LEASE ROMANIA SRL	Bucuresti	2190115425	JTNABACB509006319	TOYOTA COROLLA CROSS	0030166038	MADYT Autoserv	Buftea, Ilfov	000000000000537764	DUNLOP	Summer	W225/50R18 95W SPT MAXX 050	1	09/03/2026	7.0	3825	Tyre Only		oe TIRES		
0030042972	ARVAL SERVICE LEASE ROMANIA SRL	Bucuresti	2190115425	JTNABACB509006319	TOYOTA COROLLA CROSS	0030166038	MADYT Autoserv	Buftea, Ilfov	000000000000537764	DUNLOP	Summer	W225/50R18 95W SPT MAXX 050	1	09/03/2026	7.0	3825	Tyre Only		oe TIRES		
0030042972	ARVAL SERVICE LEASE ROMANIA SRL	Bucuresti	2190115425	JTNABACB509006319	TOYOTA COROLLA CROSS	0030166038	MADYT Autoserv	Buftea, Ilfov	000000000000537764	DUNLOP	Summer	W225/50R18 95W SPT MAXX 050	1	09/03/2026	7.0	3825	Tyre Only		oe TIRES		
0030042972	ARVAL SERVICE LEASE ROMANIA SRL	Bucuresti	2190115425	JTNABACB509006319	TOYOTA COROLLA CROSS	0030166038	MADYT Autoserv	Buftea, Ilfov	000000000000537764	DUNLOP	Summer	W225/50R18 95W SPT MAXX 050	1	09/03/2026	7.0	3825	Tyre Only		oe TIRES		
0030042972	ARVAL SERVICE LEASE ROMANIA SRL	Bucuresti	2190115426	JTNABACB709006645	TOYOTA COROLLA CROSS	0030166038	MADYT Autoserv	Buftea, Ilfov	000000000000537764	DUNLOP	Summer	W225/50R18 95W SPT MAXX 050	1	09/03/2026	7.0	3725	Tyre Only		oe TIRES		
0030042972	ARVAL SERVICE LEASE ROMANIA SRL	Bucuresti	2190115426	JTNABACB709006645	TOYOTA COROLLA CROSS	0030166038	MADYT Autoserv	Buftea, Ilfov	000000000000537764	DUNLOP	Summer	W225/50R18 95W SPT MAXX 050	1	09/03/2026	7.0	3725	Tyre Only		oe TIRES		
0030042972	ARVAL SERVICE LEASE ROMANIA SRL	Bucuresti	2190115426	JTNABACB709006645	TOYOTA COROLLA CROSS	0030166038	MADYT Autoserv	Buftea, Ilfov	000000000000537764	DUNLOP	Summer	W225/50R18 95W SPT MAXX 050	1	09/03/2026	7.0	3725	Tyre Only		oe TIRES		
0030042972	ARVAL SERVICE LEASE ROMANIA SRL	Bucuresti	2190115426	JTNABACB709006645	TOYOTA COROLLA CROSS	0030166038	MADYT Autoserv	Buftea, Ilfov	000000000000537764	DUNLOP	Summer	W225/50R18 95W SPT MAXX 050	1	09/03/2026	7.0	3725	Tyre Only		oe TIRES		
0030042972	ARVAL SERVICE LEASE ROMANIA SRL	Bucuresti	B175FRO	JTNABACB509006496	TOYOTA COROLLA CROSS	0030166038	MADYT Autoserv	Buftea, Ilfov	000000000000537764	DUNLOP	Summer	W225/50R18 95W SPT MAXX 050	1	09/03/2026	7.0	3825	Tyre Only		oe TIRES		CONTIN / WINTER
0030042972	ARVAL SERVICE LEASE ROMANIA SRL	Bucuresti	B175FRO	JTNABACB509006496	TOYOTA COROLLA CROSS	0030166038	MADYT Autoserv	Buftea, Ilfov	000000000000537764	DUNLOP	Summer	W225/50R18 95W SPT MAXX 050	1	09/03/2026	7.0	3825	Tyre Only		oe TIRES		
0030042972	ARVAL SERVICE LEASE ROMANIA SRL	Bucuresti	B175FRO	JTNABACB509006496	TOYOTA COROLLA CROSS	0030166038	MADYT Autoserv	Buftea, Ilfov	000000000000537764	DUNLOP	Summer	W225/50R18 95W SPT MAXX 050	1	09/03/2026	7.0	3825	Tyre Only		oe TIRES		
0030042972	ARVAL SERVICE LEASE ROMANIA SRL	Bucuresti	B175FRO	JTNABACB509006496	TOYOTA COROLLA CROSS	0030166038	MADYT Autoserv	Buftea, Ilfov	000000000000537764	DUNLOP	Summer	W225/50R18 95W SPT MAXX 050	1	09/03/2026	7.0	3825	Tyre Only		oe TIRES		
0030042972	ARVAL SERVICE LEASE ROMANIA SRL	Bucuresti	B179FRO	JTNABACB609006555	TOYOTA COROLLA CROSS	0030166038	MADYT Autoserv	Buftea, Ilfov	000000000000537764	DUNLOP	Summer	W225/50R18 95W SPT MAXX 050	1	09/03/2026	7.0	3825	Tyre Only		oe TIRES	CONTINENTAL	WINTWR
0030042972	ARVAL SERVICE LEASE ROMANIA SRL	Bucuresti	B179FRO	JTNABACB609006555	TOYOTA COROLLA CROSS	0030166038	MADYT Autoserv	Buftea, Ilfov	000000000000537764	DUNLOP	Summer	W225/50R18 95W SPT MAXX 050	1	09/03/2026	7.0	3825	Tyre Only		oe TIRES		
0030042972	ARVAL SERVICE LEASE ROMANIA SRL	Bucuresti	B179FRO	JTNABACB609006555	TOYOTA COROLLA CROSS	0030166038	MADYT Autoserv	Buftea, Ilfov	000000000000537764	DUNLOP	Summer	W225/50R18 95W SPT MAXX 050	1	09/03/2026	7.0	3825	Tyre Only		oe TIRES		
0030042972	ARVAL SERVICE LEASE ROMANIA SRL	Bucuresti	B179FRO	JTNABACB609006555	TOYOTA COROLLA CROSS	0030166038	MADYT Autoserv	Buftea, Ilfov	000000000000537764	DUNLOP	Summer	W225/50R18 95W SPT MAXX 050	1	09/03/2026	7.0	3825	Tyre Only		oe TIRES		
0030042972	ARVAL SERVICE LEASE ROMANIA SRL	Bucuresti	2190115419	JTNABACB709006984	TOYOTA COROLLA CROSS	0030166038	MADYT Autoserv	Buftea, Ilfov	000000000000594447	DUNLOP	Summer	W225/50R18 95V SPT MAXX 050	1	18/03/2026	7.0	4225	Tyre Only		oe TIRES		
0030042972	ARVAL SERVICE LEASE ROMANIA SRL	Bucuresti	2190115419	JTNABACB709006984	TOYOTA COROLLA CROSS	0030166038	MADYT Autoserv	Buftea, Ilfov	000000000000594447	DUNLOP	Summer	W225/50R18 95V SPT MAXX 050	1	18/03/2026	7.0	4225	Tyre Only		oe TIRES		
0030042972	ARVAL SERVICE LEASE ROMANIA SRL	Bucuresti	2190115419	JTNABACB709006984	TOYOTA COROLLA CROSS	0030166038	MADYT Autoserv	Buftea, Ilfov	000000000000594447	DUNLOP	Summer	W225/50R18 95V SPT MAXX 050	1	18/03/2026	7.0	4225	Tyre Only		oe TIRES		
0030042972	ARVAL SERVICE LEASE ROMANIA SRL	Bucuresti	2190115419	JTNABACB709006984	TOYOTA COROLLA CROSS	0030166038	MADYT Autoserv	Buftea, Ilfov	000000000000594447	DUNLOP	Summer	W225/50R18 95V SPT MAXX 050	1	18/03/2026	7.0	4225	Tyre Only		oe TIRES		
0030152291	Autotehnica Fleet Services SRL	Bucuresti	B125CBL	NMTBD3BE00R026164	? N/A	0030166038	MADYT Autoserv	Buftea, Ilfov	000000000000531962	SAVA	Winter	205/55R16 91H ESKIMO HP 2	1	06/04/2026	6.0	4023	Tyre Only	D			
0030152291	Autotehnica Fleet Services SRL	Bucuresti	B125CBL	NMTBD3BE00R026164	? N/A	0030166038	MADYT Autoserv	Buftea, Ilfov	000000000000531962	SAVA	Winter	205/55R16 91H ESKIMO HP 2	1	06/04/2026	6.0	4023	Tyre Only	D			
0030152291	Autotehnica Fleet Services SRL	Bucuresti	B125CBL	NMTBD3BE00R026164	? N/A	0030166038	MADYT Autoserv	Buftea, Ilfov	000000000000531962	SAVA	Winter	205/55R16 91H ESKIMO HP 2	1	06/04/2026	6.0	4023	Tyre Only	D			
0030152291	Autotehnica Fleet Services SRL	Bucuresti	B125CBL	NMTBD3BE00R026164	? N/A	0030166038	MADYT Autoserv	Buftea, Ilfov	000000000000531962	SAVA	Winter	205/55R16 91H ESKIMO HP 2	1	06/04/2026	6.0	4023	Tyre Only	D	ANV ARE PETIC		
0030152291	Autotehnica Fleet Services SRL	Bucuresti	B222AJB	WV4ZZZT17RS020889	? N/A	0030166038	MADYT Autoserv	Buftea, Ilfov	000000000001589224	BRIDGESTONE	Winter	255/55R20 110V BLIZZAK LM005 XL	1	06/04/2026	7.0	1624	Tyre Only	D			
0030152291	Autotehnica Fleet Services SRL	Bucuresti	B222AJB	WV4ZZZT17RS020889	? N/A	0030166038	MADYT Autoserv	Buftea, Ilfov	000000000001589224	BRIDGESTONE	Winter	255/55R20 110V BLIZZAK LM005 XL	1	06/04/2026	7.0	1624	Tyre Only	D			
0030152291	Autotehnica Fleet Services SRL	Bucuresti	B222AJB	WV4ZZZT17RS020889	? N/A	0030166038	MADYT Autoserv	Buftea, Ilfov	000000000001589224	BRIDGESTONE	Winter	255/55R20 110V BLIZZAK LM005 XL	1	06/04/2026	7.0	1624	Tyre Only	D			
0030152291	Autotehnica Fleet Services SRL	Bucuresti	B222AJB	WV4ZZZT17RS020889	? N/A	0030166038	MADYT Autoserv	Buftea, Ilfov	000000000001589224	BRIDGESTONE	Winter	255/55R20 110V BLIZZAK LM005 XL	1	06/04/2026	7.0	1624	Tyre Only	D			
0030152291	Autotehnica Fleet Services SRL	Bucuresti	B212AJB	YARVKEHZ7RZ084506	? N/A	0030166038	MADYT Autoserv	Buftea, Ilfov	000000000000532508	SAVA	Winter	225/55R17 101V ESKIMO HP 2 XL	1	14/04/2026	6.0	2824	Tyre Only	D	2 ANV CASATE / 1 TAIATA PE UMAR /1 UZATA		
0030152291	Autotehnica Fleet Services SRL	Bucuresti	B212AJB	YARVKEHZ7RZ084506	? N/A	0030166038	MADYT Autoserv	Buftea, Ilfov	000000000000539229	DEBICA	Winter	225/55R17 101V FRIGO HP 2 XL	1	14/04/2026	6.0	0924	Tyre Only	D			
0030042972	ARVAL SERVICE LEASE ROMANIA SRL	Bucuresti	B52AER	UU1DJF00372443144	DACIA LOGAN	0030166038	MADYT Autoserv	Buftea, Ilfov	000000000000531028	FULDA	Winter	185/65R15 88T KRI MONTERO 3 MS	1	14/04/2026	7.0	1623	Tyre Only	D			
0030042972	ARVAL SERVICE LEASE ROMANIA SRL	Bucuresti	B52AER	UU1DJF00372443144	DACIA LOGAN	0030166038	MADYT Autoserv	Buftea, Ilfov	000000000000531028	FULDA	Winter	185/65R15 88T KRI MONTERO 3 MS	1	14/04/2026	7.0	1623	Tyre Only	D			
0030042972	ARVAL SERVICE LEASE ROMANIA SRL	Bucuresti	B52AER	UU1DJF00372443144	DACIA LOGAN	0030166038	MADYT Autoserv	Buftea, Ilfov	000000000000531028	FULDA	Winter	185/65R15 88T KRI MONTERO 3 MS	1	14/04/2026	7.0	1623	Tyre Only	D			
0030042972	ARVAL SERVICE LEASE ROMANIA SRL	Bucuresti	B52AER	UU1DJF00372443144	DACIA LOGAN	0030166038	MADYT Autoserv	Buftea, Ilfov	000000000000531028	FULDA	Winter	185/65R15 88T KRI MONTERO 3 MS	1	14/04/2026	7.0	1623	Tyre Only	D			
0030042972	ARVAL SERVICE LEASE ROMANIA SRL	Bucuresti	B64AIN	XP7YGCEK7RB438344	TESLA MODEL Y	0030166038	MADYT Autoserv	Buftea, Ilfov	000000000000574239	GOODYEAR	Winter	255/45R19 104V UG PERF + XL FP	1	14/04/2026	8.0	4723	Tyre Only	D	JANTA SPARTA		
0030042972	ARVAL SERVICE LEASE ROMANIA SRL	Bucuresti	B64AIN	XP7YGCEK7RB438344	TESLA MODEL Y	0030166038	MADYT Autoserv	Buftea, Ilfov	000000000000574239	GOODYEAR	Winter	255/45R19 104V UG PERF + XL FP	1	14/04/2026	8.0	4723	Tyre Only	D			
0030042972	ARVAL SERVICE LEASE ROMANIA SRL	Bucuresti	B64AIN	XP7YGCEK7RB438344	TESLA MODEL Y	0030166038	MADYT Autoserv	Buftea, Ilfov	000000000000574239	GOODYEAR	Winter	255/45R19 104V UG PERF + XL FP	1	14/04/2026	8.0	4823	Tyre Only	D			
0030042972	ARVAL SERVICE LEASE ROMANIA SRL	Bucuresti	B64AIN	XP7YGCEK7RB438344	TESLA MODEL Y	0030166038	MADYT Autoserv	Buftea, Ilfov	000000000000574239	GOODYEAR	Winter	255/45R19 104V UG PERF + XL FP	1	14/04/2026	9.0	4723	Tyre Only	D			
0030042972	ARVAL SERVICE LEASE ROMANIA SRL	Bucuresti	B118WWR	JTMR63FV70D081825	TOYOTA RAV4	0030166038	MADYT Autoserv	Buftea, Ilfov	000000000000581380	GOODYEAR	Winter	225/65R17 102H UG PERF + SUV	1	15/04/2026	7.0	3223	Tyre Only	D			
0030042972	ARVAL SERVICE LEASE ROMANIA SRL	Bucuresti	B118WWR	JTMR63FV70D081825	TOYOTA RAV4	0030166038	MADYT Autoserv	Buftea, Ilfov	000000000000581380	GOODYEAR	Winter	225/65R17 102H UG PERF + SUV	1	15/04/2026	7.0	3223	Tyre Only	D			
0030042972	ARVAL SERVICE LEASE ROMANIA SRL	Bucuresti	B118WWR	JTMR63FV70D081825	TOYOTA RAV4	0030166038	MADYT Autoserv	Buftea, Ilfov	000000000000581380	GOODYEAR	Winter	225/65R17 102H UG PERF + SUV	1	15/04/2026	7.0	3223	Tyre Only	D			
0030042972	ARVAL SERVICE LEASE ROMANIA SRL	Bucuresti	B118WWR	JTMR63FV70D081825	TOYOTA RAV4	0030166038	MADYT Autoserv	Buftea, Ilfov	000000000000581380	GOODYEAR	Winter	225/65R17 102H UG PERF + SUV	1	15/04/2026	7.0	3223	Tyre Only	D			
0030042972	ARVAL SERVICE LEASE ROMANIA SRL	Bucuresti	B124MOJ	WVWZZZCJ8SD044989	VOLKSWAGEN PASSAT	0030166038	MADYT Autoserv	Buftea, Ilfov	000000000003149451	Dunlop S.R.I	Winter	215/60R16 99H WINTER XL	1	17/04/2026	7.0	1725	Tyre Only	D			
0030042972	ARVAL SERVICE LEASE ROMANIA SRL	Bucuresti	B124MOJ	WVWZZZCJ8SD044989	VOLKSWAGEN PASSAT	0030166038	MADYT Autoserv	Buftea, Ilfov	000000000003149451	Dunlop S.R.I	Winter	215/60R16 99H WINTER XL	1	17/04/2026	7.0	1725	Tyre Only	D			
0030042972	ARVAL SERVICE LEASE ROMANIA SRL	Bucuresti	B124MOJ	WVWZZZCJ8SD044989	VOLKSWAGEN PASSAT	0030166038	MADYT Autoserv	Buftea, Ilfov	000000000003149451	Dunlop S.R.I	Winter	215/60R16 99H WINTER XL	1	17/04/2026	7.0	1725	Tyre Only	D			
0030042972	ARVAL SERVICE LEASE ROMANIA SRL	Bucuresti	B124MOJ	WVWZZZCJ8SD044989	VOLKSWAGEN PASSAT	0030166038	MADYT Autoserv	Buftea, Ilfov	000000000003149451	Dunlop S.R.I	Winter	215/60R16 99H WINTER XL	1	17/04/2026	7.0	1725	Tyre Only	D			
0030042972	ARVAL SERVICE LEASE ROMANIA SRL	Bucuresti	B164FRO	JTNABACB70J037022	TOYOTA COROLLA CROSS	0030166038	MADYT Autoserv	Buftea, Ilfov	000000000000580738	GOODYEAR	Winter	225/50R18 99V UG PERF 3 XL FP	1	17/04/2026	6.0	2724	Tyre Only	D			
0030042972	ARVAL SERVICE LEASE ROMANIA SRL	Bucuresti	B164FRO	JTNABACB70J037022	TOYOTA COROLLA CROSS	0030166038	MADYT Autoserv	Buftea, Ilfov	000000000000580738	GOODYEAR	Winter	225/50R18 99V UG PERF 3 XL FP	1	17/04/2026	7.0	2724	Tyre Only	D			
0030042972	ARVAL SERVICE LEASE ROMANIA SRL	Bucuresti	B164FRO	JTNABACB70J037022	TOYOTA COROLLA CROSS	0030166038	MADYT Autoserv	Buftea, Ilfov	000000000000580738	GOODYEAR	Winter	225/50R18 99V UG PERF 3 XL FP	1	17/04/2026	7.0	2724	Tyre Only	D			
0030042972	ARVAL SERVICE LEASE ROMANIA SRL	Bucuresti	B164FRO	JTNABACB70J037022	TOYOTA COROLLA CROSS	0030166038	MADYT Autoserv	Buftea, Ilfov	000000000000580738	GOODYEAR	Winter	225/50R18 99V UG PERF 3 XL FP	1	17/04/2026	6.0	2724	Tyre Only	D			
0030042972	ARVAL SERVICE LEASE ROMANIA SRL	Bucuresti	B182FRO	WVGZZZCT4SW518003	VOLKSWAGEN TIGUAN	0030166038	MADYT Autoserv	Buftea, Ilfov	000000000000587885	GOODYEAR	Winter	255/45R19 104V UG PERF + T0 XL SCT FP	1	17/04/2026	8.0	5023	Tyre Only	D			
0030042972	ARVAL SERVICE LEASE ROMANIA SRL	Bucuresti	B182FRO	WVGZZZCT4SW518003	VOLKSWAGEN TIGUAN	0030166038	MADYT Autoserv	Buftea, Ilfov	000000000000587885	GOODYEAR	Winter	255/45R19 104V UG PERF + T0 XL SCT FP	1	17/04/2026	8.0	0124	Tyre Only	D			
0030042972	ARVAL SERVICE LEASE ROMANIA SRL	Bucuresti	B182FRO	WVGZZZCT4SW518003	VOLKSWAGEN TIGUAN	0030166038	MADYT Autoserv	Buftea, Ilfov	000000000000587885	GOODYEAR	Winter	255/45R19 104V UG PERF + T0 XL SCT FP	1	17/04/2026	8.0	5123	Tyre Only	D			
0030042972	ARVAL SERVICE LEASE ROMANIA SRL	Bucuresti	B182FRO	WVGZZZCT4SW518003	VOLKSWAGEN TIGUAN	0030166038	MADYT Autoserv	Buftea, Ilfov	000000000000587885	GOODYEAR	Winter	255/45R19 104V UG PERF + T0 XL SCT FP	1	17/04/2026	8.0	0324	Tyre Only	D			
0030042972	ARVAL SERVICE LEASE ROMANIA SRL	Bucuresti	B243FRO	JTDKBABB00A382161	TOYOTA YARIS CROSS	0030166038	MADYT Autoserv	Buftea, Ilfov	000000000000577604	GOODYEAR	Winter	205/65R16 95H UG 8 PERFORMANCE MS	1	17/04/2026	6.0	3823	Tyre Only	D			
0030042972	ARVAL SERVICE LEASE ROMANIA SRL	Bucuresti	B243FRO	JTDKBABB00A382161	TOYOTA YARIS CROSS	0030166038	MADYT Autoserv	Buftea, Ilfov	000000000000577604	GOODYEAR	Winter	205/65R16 95H UG 8 PERFORMANCE MS	1	17/04/2026	6.0	4223	Tyre Only	D			
0030042972	ARVAL SERVICE LEASE ROMANIA SRL	Bucuresti	B243FRO	JTDKBABB00A382161	TOYOTA YARIS CROSS	0030166038	MADYT Autoserv	Buftea, Ilfov	000000000000577604	GOODYEAR	Winter	205/65R16 95H UG 8 PERFORMANCE MS	1	17/04/2026	6.0	3823	Tyre Only	D			
0030042972	ARVAL SERVICE LEASE ROMANIA SRL	Bucuresti	B243FRO	JTDKBABB00A382161	TOYOTA YARIS CROSS	0030166038	MADYT Autoserv	Buftea, Ilfov	000000000000577604	GOODYEAR	Winter	205/65R16 95H UG 8 PERFORMANCE MS	1	17/04/2026	6.0	4223	Tyre Only	D			
0030042972	ARVAL SERVICE LEASE ROMANIA SRL	Bucuresti	B250FRO	JTDKBABB50A381328	TOYOTA YARIS CROSS	0030166038	MADYT Autoserv	Buftea, Ilfov	000000000000577604	GOODYEAR	Winter	205/65R16 95H UG 8 PERFORMANCE MS	1	17/04/2026	7.0	3823	Tyre Only	D	ANV ARE SNUR		
0030042972	ARVAL SERVICE LEASE ROMANIA SRL	Bucuresti	B250FRO	JTDKBABB50A381328	TOYOTA YARIS CROSS	0030166038	MADYT Autoserv	Buftea, Ilfov	000000000000577604	GOODYEAR	Winter	205/65R16 95H UG 8 PERFORMANCE MS	1	17/04/2026	6.0	3823	Tyre Only	D			
0030042972	ARVAL SERVICE LEASE ROMANIA SRL	Bucuresti	B250FRO	JTDKBABB50A381328	TOYOTA YARIS CROSS	0030166038	MADYT Autoserv	Buftea, Ilfov	000000000000577604	GOODYEAR	Winter	205/65R16 95H UG 8 PERFORMANCE MS	1	17/04/2026	6.0	3823	Tyre Only	D			
0030042972	ARVAL SERVICE LEASE ROMANIA SRL	Bucuresti	B250FRO	JTDKBABB50A381328	TOYOTA YARIS CROSS	0030166038	MADYT Autoserv	Buftea, Ilfov	000000000000577604	GOODYEAR	Winter	205/65R16 95H UG 8 PERFORMANCE MS	1	17/04/2026	7.0	3823	Tyre Only	D			
0030042972	ARVAL SERVICE LEASE ROMANIA SRL	Bucuresti	B257FRO	JTDKBABB30A390027	TOYOTA YARIS CROSS	0030166038	MADYT Autoserv	Buftea, Ilfov	000000000000577604	GOODYEAR	Winter	205/65R16 95H UG 8 PERFORMANCE MS	1	17/04/2026	7.0	4223	Tyre Only	D	LIPSA CAPAC ROATA		
0030042972	ARVAL SERVICE LEASE ROMANIA SRL	Bucuresti	B257FRO	JTDKBABB30A390027	TOYOTA YARIS CROSS	0030166038	MADYT Autoserv	Buftea, Ilfov	000000000000577604	GOODYEAR	Winter	205/65R16 95H UG 8 PERFORMANCE MS	1	17/04/2026	7.0	4223	Tyre Only	D	LIPSA CAPAC ROATA		
0030042972	ARVAL SERVICE LEASE ROMANIA SRL	Bucuresti	B257FRO	JTDKBABB30A390027	TOYOTA YARIS CROSS	0030166038	MADYT Autoserv	Buftea, Ilfov	000000000000577604	GOODYEAR	Winter	205/65R16 95H UG 8 PERFORMANCE MS	1	17/04/2026	6.0	4223	Tyre Only	D	LIPSA CAPAC ROATA		
0030042972	ARVAL SERVICE LEASE ROMANIA SRL	Bucuresti	B257FRO	JTDKBABB30A390027	TOYOTA YARIS CROSS	0030166038	MADYT Autoserv	Buftea, Ilfov	000000000000577604	GOODYEAR	Winter	205/65R16 95H UG 8 PERFORMANCE MS	1	17/04/2026	6.0	4223	Tyre Only	D	LIPSA CAPAC ROATA		
0030042972	ARVAL SERVICE LEASE ROMANIA SRL	Bucuresti	B262FRO	JTDKBABBX0A387030	TOYOTA YARIS CROSS	0030166038	MADYT Autoserv	Buftea, Ilfov	000000000000577604	GOODYEAR	Winter	205/65R16 95H UG 8 PERFORMANCE MS	1	17/04/2026	7.0	3723	Tyre Only	D			
0030042972	ARVAL SERVICE LEASE ROMANIA SRL	Bucuresti	B262FRO	JTDKBABBX0A387030	TOYOTA YARIS CROSS	0030166038	MADYT Autoserv	Buftea, Ilfov	000000000000577604	GOODYEAR	Winter	205/65R16 95H UG 8 PERFORMANCE MS	1	17/04/2026	6.0	3723	Tyre Only	D			
0030042972	ARVAL SERVICE LEASE ROMANIA SRL	Bucuresti	B262FRO	JTDKBABBX0A387030	TOYOTA YARIS CROSS	0030166038	MADYT Autoserv	Buftea, Ilfov	000000000000577604	GOODYEAR	Winter	205/65R16 95H UG 8 PERFORMANCE MS	1	17/04/2026	7.0	3723	Tyre Only	D			
0030042972	ARVAL SERVICE LEASE ROMANIA SRL	Bucuresti	B262FRO	JTDKBABBX0A387030	TOYOTA YARIS CROSS	0030166038	MADYT Autoserv	Buftea, Ilfov	000000000000577604	GOODYEAR	Winter	205/65R16 95H UG 8 PERFORMANCE MS	1	17/04/2026	6.0	3723	Tyre Only	D			
0030042972	ARVAL SERVICE LEASE ROMANIA SRL	Bucuresti	2190115422	JTNABACB709006774	TOYOTA COROLLA CROSS	0030166038	MADYT Autoserv	Buftea, Ilfov	000000000003108338	CONTINENTAL	Winter	225/50R18 99V WINTERCONTACT TS870P XL	1	20/04/2026	8.0	2925	Tyre Only	D			
0030042972	ARVAL SERVICE LEASE ROMANIA SRL	Bucuresti	2190115422	JTNABACB709006774	TOYOTA COROLLA CROSS	0030166038	MADYT Autoserv	Buftea, Ilfov	000000000003108338	CONTINENTAL	Winter	225/50R18 99V WINTERCONTACT TS870P XL	1	20/04/2026	8.0	3224	Tyre Only	D			
0030042972	ARVAL SERVICE LEASE ROMANIA SRL	Bucuresti	2190115422	JTNABACB709006774	TOYOTA COROLLA CROSS	0030166038	MADYT Autoserv	Buftea, Ilfov	000000000003108338	CONTINENTAL	Winter	225/50R18 99V WINTERCONTACT TS870P XL	1	20/04/2026	8.0	2925	Tyre Only	D			
0030042972	ARVAL SERVICE LEASE ROMANIA SRL	Bucuresti	2190115422	JTNABACB709006774	TOYOTA COROLLA CROSS	0030166038	MADYT Autoserv	Buftea, Ilfov	000000000003108338	CONTINENTAL	Winter	225/50R18 99V WINTERCONTACT TS870P XL	1	20/04/2026	8.0	2525	Tyre Only	D			
0030042972	ARVAL SERVICE LEASE ROMANIA SRL	Bucuresti	2190115427	JTNABACB209007265	TOYOTA COROLLA CROSS	0030166038	MADYT Autoserv	Buftea, Ilfov	000000000003108338	CONTINENTAL	Winter	225/50R18 99V WINTERCONTACT TS870P XL	1	20/04/2026	9.0	2925	Tyre Only	D			
0030042972	ARVAL SERVICE LEASE ROMANIA SRL	Bucuresti	2190115427	JTNABACB209007265	TOYOTA COROLLA CROSS	0030166038	MADYT Autoserv	Buftea, Ilfov	000000000003108338	CONTINENTAL	Winter	225/50R18 99V WINTERCONTACT TS870P XL	1	20/04/2026	9.0	3925	Tyre Only	D			
0030042972	ARVAL SERVICE LEASE ROMANIA SRL	Bucuresti	2190115427	JTNABACB209007265	TOYOTA COROLLA CROSS	0030166038	MADYT Autoserv	Buftea, Ilfov	000000000003108338	CONTINENTAL	Winter	225/50R18 99V WINTERCONTACT TS870P XL	1	20/04/2026	9.0	3925	Tyre Only	D			
0030042972	ARVAL SERVICE LEASE ROMANIA SRL	Bucuresti	2190115427	JTNABACB209007265	TOYOTA COROLLA CROSS	0030166038	MADYT Autoserv	Buftea, Ilfov	000000000003108338	CONTINENTAL	Winter	225/50R18 99V WINTERCONTACT TS870P XL	1	20/04/2026	9.0	3925	Tyre Only	D			
0030042972	ARVAL SERVICE LEASE ROMANIA SRL	Bucuresti	B165FRO	JTNABACB90J037751	TOYOTA COROLLA CROSS	0030166038	MADYT Autoserv	Buftea, Ilfov	000000000000580738	GOODYEAR	Winter	225/50R18 99V UG PERF 3 XL FP	1	20/04/2026	8.0	2724	Tyre Only	D			
0030042972	ARVAL SERVICE LEASE ROMANIA SRL	Bucuresti	B165FRO	JTNABACB90J037751	TOYOTA COROLLA CROSS	0030166038	MADYT Autoserv	Buftea, Ilfov	000000000000580738	GOODYEAR	Winter	225/50R18 99V UG PERF 3 XL FP	1	20/04/2026	8.0	3824	Tyre Only	D			
0030042972	ARVAL SERVICE LEASE ROMANIA SRL	Bucuresti	B165FRO	JTNABACB90J037751	TOYOTA COROLLA CROSS	0030166038	MADYT Autoserv	Buftea, Ilfov	000000000000580738	GOODYEAR	Winter	225/50R18 99V UG PERF 3 XL FP	1	20/04/2026	7.0	2724	Tyre Only	D			
0030042972	ARVAL SERVICE LEASE ROMANIA SRL	Bucuresti	B165FRO	JTNABACB90J037751	TOYOTA COROLLA CROSS	0030166038	MADYT Autoserv	Buftea, Ilfov	000000000000580738	GOODYEAR	Winter	225/50R18 99V UG PERF 3 XL FP	1	20/04/2026	7.0	3824	Tyre Only	D			
0030042972	ARVAL SERVICE LEASE ROMANIA SRL	Bucuresti	B184FRO	JTNABACB109005197	TOYOTA COROLLA CROSS	0030166038	MADYT Autoserv	Buftea, Ilfov	000000000003108338	CONTINENTAL	Winter	225/50R18 99V WINTERCONTACT TS870P XL	1	20/04/2026	7.0	4025	Tyre Only	D			
0030042972	ARVAL SERVICE LEASE ROMANIA SRL	Bucuresti	B184FRO	JTNABACB109005197	TOYOTA COROLLA CROSS	0030166038	MADYT Autoserv	Buftea, Ilfov	000000000003108338	CONTINENTAL	Winter	225/50R18 99V WINTERCONTACT TS870P XL	1	20/04/2026	8.0	4025	Tyre Only	D			
0030042972	ARVAL SERVICE LEASE ROMANIA SRL	Bucuresti	B184FRO	JTNABACB109005197	TOYOTA COROLLA CROSS	0030166038	MADYT Autoserv	Buftea, Ilfov	000000000003108338	CONTINENTAL	Winter	225/50R18 99V WINTERCONTACT TS870P XL	1	20/04/2026	7.0	2925	Tyre Only	D			
0030042972	ARVAL SERVICE LEASE ROMANIA SRL	Bucuresti	B184FRO	JTNABACB109005197	TOYOTA COROLLA CROSS	0030166038	MADYT Autoserv	Buftea, Ilfov	000000000003108338	CONTINENTAL	Winter	225/50R18 99V WINTERCONTACT TS870P XL	1	20/04/2026	8.0	4025	Tyre Only	D			
0030152291	Autotehnica Fleet Services SRL	Bucuresti	B225AJB	YARVKEHZ7RZ084618	? N/A	0030166038	MADYT Autoserv	Buftea, Ilfov	000000000000532508	SAVA	Winter	225/55R17 101V ESKIMO HP 2 XL	1	20/04/2026	8.0	4624	Tyre Only	D			
0030152291	Autotehnica Fleet Services SRL	Bucuresti	B225AJB	YARVKEHZ7RZ084618	? N/A	0030166038	MADYT Autoserv	Buftea, Ilfov	000000000000532508	SAVA	Winter	225/55R17 101V ESKIMO HP 2 XL	1	20/04/2026	8.0	4524	Tyre Only	D			
0030152291	Autotehnica Fleet Services SRL	Bucuresti	B225AJB	YARVKEHZ7RZ084618	? N/A	0030166038	MADYT Autoserv	Buftea, Ilfov	000000000000532508	SAVA	Winter	225/55R17 101V ESKIMO HP 2 XL	1	20/04/2026	8.0	4524	Tyre Only	D			
0030152291	Autotehnica Fleet Services SRL	Bucuresti	B225AJB	YARVKEHZ7RZ084618	? N/A	0030166038	MADYT Autoserv	Buftea, Ilfov	000000000000532508	SAVA	Winter	225/55R17 101V ESKIMO HP 2 XL	1	20/04/2026	8.0	4524	Tyre Only	D			
0030152291	Autotehnica Fleet Services SRL	Bucuresti	B104AJB	AHTBB3CD501788340	? N/A	0030166038	MADYT Autoserv	Buftea, Ilfov	000000000001585358	KUMHO	Winter	265/60R18 114H WS71 XL	1	21/04/2026	4.0	2623	Tyre Only	D	INLOCUIRE SET/ ANV DEFORMATE BANDA RULAR		
0030152291	Autotehnica Fleet Services SRL	Bucuresti	B104AJB	AHTBB3CD501788340	? N/A	0030166038	MADYT Autoserv	Buftea, Ilfov	000000000001585358	KUMHO	Winter	265/60R18 114H WS71 XL	1	21/04/2026	4.0	2623	Tyre Only	D	INLOCUIRE SET/ ANV DEFORMATE BANDA RULAR		
0030152291	Autotehnica Fleet Services SRL	Bucuresti	B106AJB	YV1XZK7V4S2509754	? N/A	0030166038	MADYT Autoserv	Buftea, Ilfov	000000000001585686	MICHELIN	Winter	235/50R19 103V PILOT ALPIN 5 SUV XL	1	21/04/2026	7.0	3824	Steel	D	JANTA		
0030152291	Autotehnica Fleet Services SRL	Bucuresti	B106AJB	YV1XZK7V4S2509754	? N/A	0030166038	MADYT Autoserv	Buftea, Ilfov	000000000001585686	MICHELIN	Winter	235/50R19 103V PILOT ALPIN 5 SUV XL	1	21/04/2026	7.0	3824	Steel	D			
0030152291	Autotehnica Fleet Services SRL	Bucuresti	B106AJB	YV1XZK7V4S2509754	? N/A	0030166038	MADYT Autoserv	Buftea, Ilfov	000000000001585686	MICHELIN	Winter	235/50R19 103V PILOT ALPIN 5 SUV XL	1	21/04/2026	7.0	3824	Steel	D			
0030152291	Autotehnica Fleet Services SRL	Bucuresti	B106AJB	YV1XZK7V4S2509754	? N/A	0030166038	MADYT Autoserv	Buftea, Ilfov	000000000001585686	MICHELIN	Winter	235/50R19 103V PILOT ALPIN 5 SUV XL	1	21/04/2026	7.0	3824	Steel	D			
0030152291	Autotehnica Fleet Services SRL	Bucuresti	B140AJB	JTMR63FV00D135529	? N/A	0030166038	MADYT Autoserv	Buftea, Ilfov	000000000000545985	FULDA	Winter	225/65R17 106H KRI CONTROL SUV XL	1	21/04/2026	7.0	0724	Tyre Only	D			
0030152291	Autotehnica Fleet Services SRL	Bucuresti	B140AJB	JTMR63FV00D135529	? N/A	0030166038	MADYT Autoserv	Buftea, Ilfov	000000000000545985	FULDA	Winter	225/65R17 106H KRI CONTROL SUV XL	1	21/04/2026	7.0	0724	Tyre Only	D			
0030152291	Autotehnica Fleet Services SRL	Bucuresti	B140AJB	JTMR63FV00D135529	? N/A	0030166038	MADYT Autoserv	Buftea, Ilfov	000000000000545985	FULDA	Winter	225/65R17 106H KRI CONTROL SUV XL	1	21/04/2026	7.0	0724	Tyre Only	D			
0030152291	Autotehnica Fleet Services SRL	Bucuresti	B140AJB	JTMR63FV00D135529	? N/A	0030166038	MADYT Autoserv	Buftea, Ilfov	000000000000545985	FULDA	Winter	225/65R17 106H KRI CONTROL SUV XL	1	21/04/2026	7.0	0724	Tyre Only	D			
0030152291	Autotehnica Fleet Services SRL	Bucuresti	B152AJB	JTMR63FV60J052415	? N/A	0030166038	MADYT Autoserv	Buftea, Ilfov	000000000000545985	FULDA	Winter	225/65R17 106H KRI CONTROL SUV XL	1	21/04/2026	7.0	0724	Tyre Only	D			
0030152291	Autotehnica Fleet Services SRL	Bucuresti	B152AJB	JTMR63FV60J052415	? N/A	0030166038	MADYT Autoserv	Buftea, Ilfov	000000000000545985	FULDA	Winter	225/65R17 106H KRI CONTROL SUV XL	1	21/04/2026	8.0	0724	Tyre Only	D			
0030152291	Autotehnica Fleet Services SRL	Bucuresti	B152AJB	JTMR63FV60J052415	? N/A	0030166038	MADYT Autoserv	Buftea, Ilfov	000000000000545985	FULDA	Winter	225/65R17 106H KRI CONTROL SUV XL	1	21/04/2026	7.0	0724	Tyre Only	D			
0030152291	Autotehnica Fleet Services SRL	Bucuresti	B152AJB	JTMR63FV60J052415	? N/A	0030166038	MADYT Autoserv	Buftea, Ilfov	000000000000545985	FULDA	Winter	225/65R17 106H KRI CONTROL SUV XL	1	21/04/2026	8.0	0724	Tyre Only	D			
0030152291	Autotehnica Fleet Services SRL	Bucuresti	B184AJB	AHTBB3CD601795930	? N/A	0030166038	MADYT Autoserv	Buftea, Ilfov	000000000001562976	BRIDGESTONE	Summer	265/60R18 110H DUELER H/T 684 II	1	21/04/2026	5.0	1125	Tyre Only	D			
0030152291	Autotehnica Fleet Services SRL	Bucuresti	B184AJB	AHTBB3CD601795930	? N/A	0030166038	MADYT Autoserv	Buftea, Ilfov	000000000001562976	BRIDGESTONE	Summer	265/60R18 110H DUELER H/T 684 II	1	21/04/2026	6.0	4423	Tyre Only	D			
0030152291	Autotehnica Fleet Services SRL	Bucuresti	B184AJB	AHTBB3CD601795930	? N/A	0030166038	MADYT Autoserv	Buftea, Ilfov	000000000000581409	DUNLOP	Winter	265/60R18 114H WINTER SPT 5 SUV XL	1	21/04/2026	5.0	4125	Tyre Only	D	LIPSA CAPAC CENTRU		
0030152291	Autotehnica Fleet Services SRL	Bucuresti	B184AJB	AHTBB3CD601795930	? N/A	0030166038	MADYT Autoserv	Buftea, Ilfov	000000000000581409	DUNLOP	Winter	265/60R18 114H WINTER SPT 5 SUV XL	1	21/04/2026	4.0	4125	Tyre Only	D	LIPSA CAPAC CENTRU		
0030042972	ARVAL SERVICE LEASE ROMANIA SRL	Bucuresti	B118VWK	JTMD43FV10D042034	TOYOTA RAV4	0030166038	MADYT Autoserv	Buftea, Ilfov	000000000001577388	PIRELLI	Winter	225/60R18 104H W. SOTTOZERO 3 (*) XL	1	22/04/2026	6.0	2623	Tyre Only	D			
0030042972	ARVAL SERVICE LEASE ROMANIA SRL	Bucuresti	B118VWK	JTMD43FV10D042034	TOYOTA RAV4	0030166038	MADYT Autoserv	Buftea, Ilfov	000000000001577388	PIRELLI	Winter	225/60R18 104H W. SOTTOZERO 3 (*) XL	1	22/04/2026	6.0	2623	Tyre Only	D			
0030042972	ARVAL SERVICE LEASE ROMANIA SRL	Bucuresti	B118VWK	JTMD43FV10D042034	TOYOTA RAV4	0030166038	MADYT Autoserv	Buftea, Ilfov	000000000001577388	PIRELLI	Winter	225/60R18 104H W. SOTTOZERO 3 (*) XL	1	22/04/2026	7.0	2523	Tyre Only	D			
0030042972	ARVAL SERVICE LEASE ROMANIA SRL	Bucuresti	B118VWK	JTMD43FV10D042034	TOYOTA RAV4	0030166038	MADYT Autoserv	Buftea, Ilfov	000000000001577388	PIRELLI	Winter	225/60R18 104H W. SOTTOZERO 3 (*) XL	1	22/04/2026	7.0	2523	Tyre Only	D			
0030042972	ARVAL SERVICE LEASE ROMANIA SRL	Bucuresti	B118WWV	JTMR63FVX0D082967	TOYOTA RAV4	0030166038	MADYT Autoserv	Buftea, Ilfov	000000000000581380	GOODYEAR	Winter	225/65R17 102H UG PERF + SUV	1	22/04/2026	8.0	3223	Tyre Only	D			
0030042972	ARVAL SERVICE LEASE ROMANIA SRL	Bucuresti	B118WWV	JTMR63FVX0D082967	TOYOTA RAV4	0030166038	MADYT Autoserv	Buftea, Ilfov	000000000000581380	GOODYEAR	Winter	225/65R17 102H UG PERF + SUV	1	22/04/2026	8.0	3223	Tyre Only	D			
0030042972	ARVAL SERVICE LEASE ROMANIA SRL	Bucuresti	B118WWV	JTMR63FVX0D082967	TOYOTA RAV4	0030166038	MADYT Autoserv	Buftea, Ilfov	000000000000581380	GOODYEAR	Winter	225/65R17 102H UG PERF + SUV	1	22/04/2026	8.0	3223	Tyre Only	D			
0030042972	ARVAL SERVICE LEASE ROMANIA SRL	Bucuresti	B118WWV	JTMR63FVX0D082967	TOYOTA RAV4	0030166038	MADYT Autoserv	Buftea, Ilfov	000000000000581380	GOODYEAR	Winter	225/65R17 102H UG PERF + SUV	1	22/04/2026	8.0	3223	Tyre Only	D			
0030152291	Autotehnica Fleet Services SRL	Bucuresti	B230AJB	JTMD63FV50D580035	? N/A	0030166038	MADYT Autoserv	Buftea, Ilfov	000000000000581418	DUNLOP	Winter	225/60R18 104V WINTER SPT 5 SUV XL	1	22/04/2026	8.0	1625	Tyre Only	D			
0030152291	Autotehnica Fleet Services SRL	Bucuresti	B230AJB	JTMD63FV50D580035	? N/A	0030166038	MADYT Autoserv	Buftea, Ilfov	000000000000581418	DUNLOP	Winter	225/60R18 104V WINTER SPT 5 SUV XL	1	22/04/2026	7.0	1625	Tyre Only	D			
0030152291	Autotehnica Fleet Services SRL	Bucuresti	B230AJB	JTMD63FV50D580035	? N/A	0030166038	MADYT Autoserv	Buftea, Ilfov	000000000000581418	DUNLOP	Winter	225/60R18 104V WINTER SPT 5 SUV XL	1	22/04/2026	8.0	1625	Tyre Only	D			
0030152291	Autotehnica Fleet Services SRL	Bucuresti	B230AJB	JTMD63FV50D580035	? N/A	0030166038	MADYT Autoserv	Buftea, Ilfov	000000000000581418	DUNLOP	Winter	225/60R18 104V WINTER SPT 5 SUV XL	1	22/04/2026	8.0	1625	Tyre Only	D			
0030042972	ARVAL SERVICE LEASE ROMANIA SRL	Bucuresti	B268FRO	JTNABACB80J033383	TOYOTA COROLLA CROSS	0030166038	MADYT Autoserv	Buftea, Ilfov	000000000000580738	GOODYEAR	Winter	225/50R18 99V UG PERF 3 XL FP	1	22/04/2026	6.0	3824	Tyre Only	D			
0030042972	ARVAL SERVICE LEASE ROMANIA SRL	Bucuresti	B268FRO	JTNABACB80J033383	TOYOTA COROLLA CROSS	0030166038	MADYT Autoserv	Buftea, Ilfov	000000000000580738	GOODYEAR	Winter	225/50R18 99V UG PERF 3 XL FP	1	22/04/2026	7.0	2724	Tyre Only	D			
0030042972	ARVAL SERVICE LEASE ROMANIA SRL	Bucuresti	B268FRO	JTNABACB80J033383	TOYOTA COROLLA CROSS	0030166038	MADYT Autoserv	Buftea, Ilfov	000000000000580738	GOODYEAR	Winter	225/50R18 99V UG PERF 3 XL FP	1	22/04/2026	6.0	3824	Tyre Only	D			
0030042972	ARVAL SERVICE LEASE ROMANIA SRL	Bucuresti	B268FRO	JTNABACB80J033383	TOYOTA COROLLA CROSS	0030166038	MADYT Autoserv	Buftea, Ilfov	000000000000580738	GOODYEAR	Winter	225/50R18 99V UG PERF 3 XL FP	1	22/04/2026	7.0	2724	Tyre Only	D			
0030152291	Autotehnica Fleet Services SRL	Bucuresti	B112RLB	TMBAR7NX8MY127806	? N/A	0030166038	MADYT Autoserv	Buftea, Ilfov	000000000001590035	NEXEN	Winter	225/45R18 95V WINGUARD SPORT 2 XL	1	23/04/2026	7.0	4221	Tyre Only	D			
0030152291	Autotehnica Fleet Services SRL	Bucuresti	B112RLB	TMBAR7NX8MY127806	? N/A	0030166038	MADYT Autoserv	Buftea, Ilfov	000000000001590035	NEXEN	Winter	225/45R18 95V WINGUARD SPORT 2 XL	1	23/04/2026	7.0	2524	Tyre Only	D			
0030152291	Autotehnica Fleet Services SRL	Bucuresti	B112RLB	TMBAR7NX8MY127806	? N/A	0030166038	MADYT Autoserv	Buftea, Ilfov	000000000001590035	NEXEN	Winter	225/45R18 95V WINGUARD SPORT 2 XL	1	23/04/2026	7.0	4221	Tyre Only	D			
0030152291	Autotehnica Fleet Services SRL	Bucuresti	B112RLB	TMBAR7NX8MY127806	? N/A	0030166038	MADYT Autoserv	Buftea, Ilfov	000000000001590035	NEXEN	Winter	225/45R18 95V WINGUARD SPORT 2 XL	1	23/04/2026	7.0	3525	Tyre Only	D	ANV ARE PETIC		
0030152291	Autotehnica Fleet Services SRL	Bucuresti	B113RSN	TMAJC81BAMJ126689	? N/A	0030166038	MADYT Autoserv	Buftea, Ilfov	000000000001594432	KUMHO	Winter	215/65R17 99V WS71	1	23/04/2026	7.0	2821	Tyre Only	D			
0030152291	Autotehnica Fleet Services SRL	Bucuresti	B113RSN	TMAJC81BAMJ126689	? N/A	0030166038	MADYT Autoserv	Buftea, Ilfov	000000000001594432	KUMHO	Winter	215/65R17 99V WS71	1	23/04/2026	7.0	2721	Tyre Only	D			
0030152291	Autotehnica Fleet Services SRL	Bucuresti	B113RSN	TMAJC81BAMJ126689	? N/A	0030166038	MADYT Autoserv	Buftea, Ilfov	000000000001594432	KUMHO	Winter	215/65R17 99V WS71	1	23/04/2026	7.0	2721	Tyre Only	D			
0030152291	Autotehnica Fleet Services SRL	Bucuresti	B113RSN	TMAJC81BAMJ126689	? N/A	0030166038	MADYT Autoserv	Buftea, Ilfov	000000000001594432	KUMHO	Winter	215/65R17 99V WS71	1	23/04/2026	6.0	2721	Tyre Only	D			
0030152291	Autotehnica Fleet Services SRL	Bucuresti	B113XOV	TMAH251CANJ171408	? N/A	0030166038	MADYT Autoserv	Buftea, Ilfov	000000000000526116	SAVA	Winter	195/65R15 91T ESKIMO S3+ MS	1	23/04/2026	7.0	3225	Tyre Only	D			
0030152291	Autotehnica Fleet Services SRL	Bucuresti	B113XOV	TMAH251CANJ171408	? N/A	0030166038	MADYT Autoserv	Buftea, Ilfov	000000000000526116	SAVA	Winter	195/65R15 91T ESKIMO S3+ MS	1	23/04/2026	7.0	4224	Tyre Only	D			
0030152291	Autotehnica Fleet Services SRL	Bucuresti	B113XOV	TMAH251CANJ171408	? N/A	0030166038	MADYT Autoserv	Buftea, Ilfov	000000000000526116	SAVA	Winter	195/65R15 91T ESKIMO S3+ MS	1	23/04/2026	7.0	3225	Tyre Only	D			
0030152291	Autotehnica Fleet Services SRL	Bucuresti	B113XOV	TMAH251CANJ171408	? N/A	0030166038	MADYT Autoserv	Buftea, Ilfov	000000000000526116	SAVA	Winter	195/65R15 91T ESKIMO S3+ MS	1	23/04/2026	7.0	4224	Tyre Only	D			
0030152291	Autotehnica Fleet Services SRL	Bucuresti	B113XPB	KMHLN41EANU264500	? N/A	0030166038	MADYT Autoserv	Buftea, Ilfov	000000000000526116	SAVA	Winter	195/65R15 91T ESKIMO S3+ MS	1	23/04/2026	7.0	3125	Tyre Only	D	TALON RUPT/ INLOCUIRE		
0030152291	Autotehnica Fleet Services SRL	Bucuresti	B113XPB	KMHLN41EANU264500	? N/A	0030166038	MADYT Autoserv	Buftea, Ilfov	000000000000526116	SAVA	Winter	195/65R15 91T ESKIMO S3+ MS	1	23/04/2026	7.0	3125	Tyre Only	D			
0030152291	Autotehnica Fleet Services SRL	Bucuresti	B113XPB	KMHLN41EANU264500	? N/A	0030166038	MADYT Autoserv	Buftea, Ilfov	000000000000526116	SAVA	Winter	195/65R15 91T ESKIMO S3+ MS	1	23/04/2026	7.0	3225	Tyre Only	D			
0030152291	Autotehnica Fleet Services SRL	Bucuresti	B113XPB	KMHLN41EANU264500	? N/A	0030166038	MADYT Autoserv	Buftea, Ilfov	000000000000526116	SAVA	Winter	195/65R15 91T ESKIMO S3+ MS	1	23/04/2026	7.0	4024	Tyre Only	D			
0030152291	Autotehnica Fleet Services SRL	Bucuresti	B114SJC	WVWZZZ3CZNE059731	? N/A	0030166038	MADYT Autoserv	Buftea, Ilfov	000000000000532514	SAVA	Winter	215/55R17 98V ESKIMO HP 2 XL FP	1	23/04/2026	8.0	2322	Tyre Only	D			
0030152291	Autotehnica Fleet Services SRL	Bucuresti	B114SJC	WVWZZZ3CZNE059731	? N/A	0030166038	MADYT Autoserv	Buftea, Ilfov	000000000000532514	SAVA	Winter	215/55R17 98V ESKIMO HP 2 XL FP	1	23/04/2026	8.0	3424	Tyre Only	D			
0030152291	Autotehnica Fleet Services SRL	Bucuresti	B114SJC	WVWZZZ3CZNE059731	? N/A	0030166038	MADYT Autoserv	Buftea, Ilfov	000000000000532514	SAVA	Winter	215/55R17 98V ESKIMO HP 2 XL FP	1	23/04/2026	8.0	2322	Tyre Only	D			
0030152291	Autotehnica Fleet Services SRL	Bucuresti	B114SJC	WVWZZZ3CZNE059731	? N/A	0030166038	MADYT Autoserv	Buftea, Ilfov	000000000000532514	SAVA	Winter	215/55R17 98V ESKIMO HP 2 XL FP	1	23/04/2026	8.0	3424	Tyre Only	D			
0030152291	Autotehnica Fleet Services SRL	Bucuresti	B114YEB	WVWZZZ3CZNE063357	? N/A	0030166038	MADYT Autoserv	Buftea, Ilfov	000000000000532514	SAVA	Winter	215/55R17 98V ESKIMO HP 2 XL FP	1	23/04/2026	8.0	2322	Tyre Only	D			
0030152291	Autotehnica Fleet Services SRL	Bucuresti	B114YEB	WVWZZZ3CZNE063357	? N/A	0030166038	MADYT Autoserv	Buftea, Ilfov	000000000000532514	SAVA	Winter	215/55R17 98V ESKIMO HP 2 XL FP	1	23/04/2026	7.0	2322	Tyre Only	D			
0030152291	Autotehnica Fleet Services SRL	Bucuresti	B114YEB	WVWZZZ3CZNE063357	? N/A	0030166038	MADYT Autoserv	Buftea, Ilfov	000000000000532514	SAVA	Winter	215/55R17 98V ESKIMO HP 2 XL FP	1	23/04/2026	8.0	2322	Tyre Only	D			
0030152291	Autotehnica Fleet Services SRL	Bucuresti	B114YEB	WVWZZZ3CZNE063357	? N/A	0030166038	MADYT Autoserv	Buftea, Ilfov	000000000000532514	SAVA	Winter	215/55R17 98V ESKIMO HP 2 XL FP	1	23/04/2026	7.0	2322	Tyre Only	D			
0030152291	Autotehnica Fleet Services SRL	Bucuresti	B114YEC	WVWZZZ3CZNE063323	? N/A	0030166038	MADYT Autoserv	Buftea, Ilfov	000000000000532514	SAVA	Winter	215/55R17 98V ESKIMO HP 2 XL FP	1	23/04/2026	7.0	2322	Tyre Only	D			
0030152291	Autotehnica Fleet Services SRL	Bucuresti	B114YEC	WVWZZZ3CZNE063323	? N/A	0030166038	MADYT Autoserv	Buftea, Ilfov	000000000000532514	SAVA	Winter	215/55R17 98V ESKIMO HP 2 XL FP	1	23/04/2026	8.0	2322	Tyre Only	D			
0030152291	Autotehnica Fleet Services SRL	Bucuresti	B114YEC	WVWZZZ3CZNE063323	? N/A	0030166038	MADYT Autoserv	Buftea, Ilfov	000000000000532514	SAVA	Winter	215/55R17 98V ESKIMO HP 2 XL FP	1	23/04/2026	8.0	2322	Tyre Only	D			
0030152291	Autotehnica Fleet Services SRL	Bucuresti	B114YEC	WVWZZZ3CZNE063323	? N/A	0030166038	MADYT Autoserv	Buftea, Ilfov	000000000000532514	SAVA	Winter	215/55R17 98V ESKIMO HP 2 XL FP	1	23/04/2026	7.0	2322	Tyre Only	D			
0030152291	Autotehnica Fleet Services SRL	Bucuresti	B114YEE	WVWZZZ3CZNE062993	? N/A	0030166038	MADYT Autoserv	Buftea, Ilfov	000000000000532514	SAVA	Winter	215/55R17 98V ESKIMO HP 2 XL FP	1	23/04/2026	7.0	2322	Tyre Only	D			
0030152291	Autotehnica Fleet Services SRL	Bucuresti	B114YEE	WVWZZZ3CZNE062993	? N/A	0030166038	MADYT Autoserv	Buftea, Ilfov	000000000000532514	SAVA	Winter	215/55R17 98V ESKIMO HP 2 XL FP	1	23/04/2026	7.0	2322	Tyre Only	D			
0030152291	Autotehnica Fleet Services SRL	Bucuresti	B114YEE	WVWZZZ3CZNE062993	? N/A	0030166038	MADYT Autoserv	Buftea, Ilfov	000000000000532514	SAVA	Winter	215/55R17 98V ESKIMO HP 2 XL FP	1	23/04/2026	7.0	2322	Tyre Only	D			
0030152291	Autotehnica Fleet Services SRL	Bucuresti	B114YEE	WVWZZZ3CZNE062993	? N/A	0030166038	MADYT Autoserv	Buftea, Ilfov	000000000000532514	SAVA	Winter	215/55R17 98V ESKIMO HP 2 XL FP	1	23/04/2026	7.0	2322	Tyre Only	D			
0030152291	Autotehnica Fleet Services SRL	Bucuresti	B115XEX	TMAH251CANJ187958	? N/A	0030166038	MADYT Autoserv	Buftea, Ilfov	000000000000531059	SAVA	Winter	195/65R15 91T ESKIMO S3+ MS	1	23/04/2026	6.0	3822	Tyre Only	D			
0030152291	Autotehnica Fleet Services SRL	Bucuresti	B115XEX	TMAH251CANJ187958	? N/A	0030166038	MADYT Autoserv	Buftea, Ilfov	000000000000531059	SAVA	Winter	195/65R15 91T ESKIMO S3+ MS	1	23/04/2026	7.0	2922	Tyre Only	D			
0030152291	Autotehnica Fleet Services SRL	Bucuresti	B115XEX	TMAH251CANJ187958	? N/A	0030166038	MADYT Autoserv	Buftea, Ilfov	000000000000531059	SAVA	Winter	195/65R15 91T ESKIMO S3+ MS	1	23/04/2026	6.0	2922	Tyre Only	D			
0030152291	Autotehnica Fleet Services SRL	Bucuresti	B115XEX	TMAH251CANJ187958	? N/A	0030166038	MADYT Autoserv	Buftea, Ilfov	000000000000531059	SAVA	Winter	195/65R15 91T ESKIMO S3+ MS	1	23/04/2026	7.0	2422	Tyre Only	D			
0030152291	Autotehnica Fleet Services SRL	Bucuresti	B116HBF	TMAH251CAPJ196387	? N/A	0030166038	MADYT Autoserv	Buftea, Ilfov	000000000000531059	SAVA	Winter	195/65R15 91T ESKIMO S3+ MS	1	23/04/2026	7.0	3922	Tyre Only	D			
0030152291	Autotehnica Fleet Services SRL	Bucuresti	B116HBF	TMAH251CAPJ196387	? N/A	0030166038	MADYT Autoserv	Buftea, Ilfov	000000000000531059	SAVA	Winter	195/65R15 91T ESKIMO S3+ MS	1	23/04/2026	7.0	3322	Tyre Only	D			
0030152291	Autotehnica Fleet Services SRL	Bucuresti	B116HBF	TMAH251CAPJ196387	? N/A	0030166038	MADYT Autoserv	Buftea, Ilfov	000000000000531059	SAVA	Winter	195/65R15 91T ESKIMO S3+ MS	1	23/04/2026	7.0	3822	Tyre Only	D			
0030152291	Autotehnica Fleet Services SRL	Bucuresti	B116HBF	TMAH251CAPJ196387	? N/A	0030166038	MADYT Autoserv	Buftea, Ilfov	000000000000531059	SAVA	Winter	195/65R15 91T ESKIMO S3+ MS	1	23/04/2026	7.0	2922	Tyre Only	D			
0030152291	Autotehnica Fleet Services SRL	Bucuresti	B116KFI	NMTK33BX90R230059	? N/A	0030166038	MADYT Autoserv	Buftea, Ilfov	000000000000578584	SAVA	Winter	215/60R17 96H ESKIMO SUV 2	1	23/04/2026	7.0	2622	Tyre Only	D			
0030152291	Autotehnica Fleet Services SRL	Bucuresti	B116KFI	NMTK33BX90R230059	? N/A	0030166038	MADYT Autoserv	Buftea, Ilfov	000000000000578584	SAVA	Winter	215/60R17 96H ESKIMO SUV 2	1	23/04/2026	6.0	2622	Tyre Only	D			
0030152291	Autotehnica Fleet Services SRL	Bucuresti	B116KFI	NMTK33BX90R230059	? N/A	0030166038	MADYT Autoserv	Buftea, Ilfov	000000000000578584	SAVA	Winter	215/60R17 96H ESKIMO SUV 2	1	23/04/2026	6.0	2722	Tyre Only	D			
0030152291	Autotehnica Fleet Services SRL	Bucuresti	B116KFI	NMTK33BX90R230059	? N/A	0030166038	MADYT Autoserv	Buftea, Ilfov	000000000000578584	SAVA	Winter	215/60R17 96H ESKIMO SUV 2	1	23/04/2026	7.0	2722	Tyre Only	D			
0030152291	Autotehnica Fleet Services SRL	Bucuresti	B117KWW	TMAH251CAPJ198228	? N/A	0030166038	MADYT Autoserv	Buftea, Ilfov	000000000000531059	SAVA	Winter	195/65R15 91T ESKIMO S3+ MS	1	23/04/2026	7.0	3222	Tyre Only	D			
0030152291	Autotehnica Fleet Services SRL	Bucuresti	B117KWW	TMAH251CAPJ198228	? N/A	0030166038	MADYT Autoserv	Buftea, Ilfov	000000000000531059	SAVA	Winter	195/65R15 91T ESKIMO S3+ MS	1	23/04/2026	7.0	3222	Tyre Only	D			
0030152291	Autotehnica Fleet Services SRL	Bucuresti	B117KWW	TMAH251CAPJ198228	? N/A	0030166038	MADYT Autoserv	Buftea, Ilfov	000000000000531059	SAVA	Winter	195/65R15 91T ESKIMO S3+ MS	1	23/04/2026	7.0	3222	Tyre Only	D			
0030152291	Autotehnica Fleet Services SRL	Bucuresti	B117KWW	TMAH251CAPJ198228	? N/A	0030166038	MADYT Autoserv	Buftea, Ilfov	000000000000531059	SAVA	Winter	195/65R15 91T ESKIMO S3+ MS	1	23/04/2026	7.0	3222	Tyre Only	D			
0030152291	Autotehnica Fleet Services SRL	Bucuresti	B120CBL	WF02XXERK2PJ11182	? N/A	0030166038	MADYT Autoserv	Buftea, Ilfov	000000000000532514	SAVA	Winter	215/55R17 98V ESKIMO HP 2 XL FP	1	23/04/2026	8.0	4023	Tyre Only	D	ANV ARE PETIC		
0030152291	Autotehnica Fleet Services SRL	Bucuresti	B120CBL	WF02XXERK2PJ11182	? N/A	0030166038	MADYT Autoserv	Buftea, Ilfov	000000000000532514	SAVA	Winter	215/55R17 98V ESKIMO HP 2 XL FP	1	23/04/2026	8.0	3923	Tyre Only	D			
0030152291	Autotehnica Fleet Services SRL	Bucuresti	B120CBL	WF02XXERK2PJ11182	? N/A	0030166038	MADYT Autoserv	Buftea, Ilfov	000000000000532514	SAVA	Winter	215/55R17 98V ESKIMO HP 2 XL FP	1	23/04/2026	8.0	3923	Tyre Only	D			
0030152291	Autotehnica Fleet Services SRL	Bucuresti	B120CBL	WF02XXERK2PJ11182	? N/A	0030166038	MADYT Autoserv	Buftea, Ilfov	000000000000532514	SAVA	Winter	215/55R17 98V ESKIMO HP 2 XL FP	1	23/04/2026	8.0	3923	Tyre Only	D			
0030152291	Autotehnica Fleet Services SRL	Bucuresti	B440CBL	WAUZZZF45RA067869	? N/A	0030166038	MADYT Autoserv	Buftea, Ilfov	000000000000580664	GOODYEAR	Winter	205/60R16 92T UG PERF 3	1	23/04/2026	7.0	5023	Tyre Only	D			
0030152291	Autotehnica Fleet Services SRL	Bucuresti	B440CBL	WAUZZZF45RA067869	? N/A	0030166038	MADYT Autoserv	Buftea, Ilfov	000000000000580664	GOODYEAR	Winter	205/60R16 92T UG PERF 3	1	23/04/2026	7.0	2524	Tyre Only	D			
0030152291	Autotehnica Fleet Services SRL	Bucuresti	B440CBL	WAUZZZF45RA067869	? N/A	0030166038	MADYT Autoserv	Buftea, Ilfov	000000000000580664	GOODYEAR	Winter	205/60R16 92T UG PERF 3	1	23/04/2026	7.0	5023	Tyre Only	D			
0030152291	Autotehnica Fleet Services SRL	Bucuresti	B440CBL	WAUZZZF45RA067869	? N/A	0030166038	MADYT Autoserv	Buftea, Ilfov	000000000000580664	GOODYEAR	Winter	205/60R16 92T UG PERF 3	1	23/04/2026	7.0	2524	Tyre Only	D			
0030152291	Autotehnica Fleet Services SRL	Bucuresti	B700RIO	WVWZZZ3CZNE063269	? N/A	0030166038	MADYT Autoserv	Buftea, Ilfov	000000000000532514	SAVA	Winter	215/55R17 98V ESKIMO HP 2 XL FP	1	23/04/2026	7.0	2322	Tyre Only	D			
0030152291	Autotehnica Fleet Services SRL	Bucuresti	B700RIO	WVWZZZ3CZNE063269	? N/A	0030166038	MADYT Autoserv	Buftea, Ilfov	000000000000532514	SAVA	Winter	215/55R17 98V ESKIMO HP 2 XL FP	1	23/04/2026	7.0	2322	Tyre Only	D			
0030152291	Autotehnica Fleet Services SRL	Bucuresti	B700RIO	WVWZZZ3CZNE063269	? N/A	0030166038	MADYT Autoserv	Buftea, Ilfov	000000000000532514	SAVA	Winter	215/55R17 98V ESKIMO HP 2 XL FP	1	23/04/2026	7.0	2322	Tyre Only	D			
0030152291	Autotehnica Fleet Services SRL	Bucuresti	B700RIO	WVWZZZ3CZNE063269	? N/A	0030166038	MADYT Autoserv	Buftea, Ilfov	000000000000532514	SAVA	Winter	215/55R17 98V ESKIMO HP 2 XL FP	1	23/04/2026	7.0	2322	Tyre Only	D			
0030152291	Autotehnica Fleet Services SRL	Bucuresti	B989CBL	WAUZZZF49RA061377	? N/A	0030166038	MADYT Autoserv	Buftea, Ilfov	000000000000580754	GOODYEAR	Winter	245/45R18 100V UG PERF 3 XL FP	1	23/04/2026	7.0	2623	Tyre Only	D			
0030152291	Autotehnica Fleet Services SRL	Bucuresti	B989CBL	WAUZZZF49RA061377	? N/A	0030166038	MADYT Autoserv	Buftea, Ilfov	000000000000580754	GOODYEAR	Winter	245/45R18 100V UG PERF 3 XL FP	1	23/04/2026	7.0	2623	Tyre Only	D			
0030152291	Autotehnica Fleet Services SRL	Bucuresti	B989CBL	WAUZZZF49RA061377	? N/A	0030166038	MADYT Autoserv	Buftea, Ilfov	000000000000580754	GOODYEAR	Winter	245/45R18 100V UG PERF 3 XL FP	1	23/04/2026	6.0	2623	Tyre Only	D			
0030152291	Autotehnica Fleet Services SRL	Bucuresti	B989CBL	WAUZZZF49RA061377	? N/A	0030166038	MADYT Autoserv	Buftea, Ilfov	000000000000580754	GOODYEAR	Winter	245/45R18 100V UG PERF 3 XL FP	1	23/04/2026	6.0	2523	Tyre Only	D			
0030152291	Autotehnica Fleet Services SRL	Bucuresti	B999CBL	WAUZZZF45RN010211	? N/A	0030166038	MADYT Autoserv	Buftea, Ilfov	000000000000574752	GOODYEAR	Winter	225/50R17 98V UG 8 PERFORMANCE MS XL FP	1	23/04/2026	7.0	3222	Tyre Only	D			
0030152291	Autotehnica Fleet Services SRL	Bucuresti	B999CBL	WAUZZZF45RN010211	? N/A	0030166038	MADYT Autoserv	Buftea, Ilfov	000000000000574752	GOODYEAR	Winter	225/50R17 98V UG 8 PERFORMANCE MS XL FP	1	23/04/2026	7.0	3222	Tyre Only	D			
0030152291	Autotehnica Fleet Services SRL	Bucuresti	B999CBL	WAUZZZF45RN010211	? N/A	0030166038	MADYT Autoserv	Buftea, Ilfov	000000000000574752	GOODYEAR	Winter	225/50R17 98V UG 8 PERFORMANCE MS XL FP	1	23/04/2026	7.0	3222	Tyre Only	D			
0030152291	Autotehnica Fleet Services SRL	Bucuresti	B999CBL	WAUZZZF45RN010211	? N/A	0030166038	MADYT Autoserv	Buftea, Ilfov	000000000000574752	GOODYEAR	Winter	225/50R17 98V UG 8 PERFORMANCE MS XL FP	1	23/04/2026	7.0	3222	Tyre Only	D	ANV ARE PETIC		
0030152291	Autotehnica Fleet Services SRL	Bucuresti	B113XOZ	KMHLN41EANU264503	? N/A	0030166038	MADYT Autoserv	Buftea, Ilfov	000000000000531059	SAVA	Winter	195/65R15 91T ESKIMO S3+ MS	1	24/04/2026	8.0	3225	Tyre Only	D			
0030152291	Autotehnica Fleet Services SRL	Bucuresti	B113XOZ	KMHLN41EANU264503	? N/A	0030166038	MADYT Autoserv	Buftea, Ilfov	000000000000531059	SAVA	Winter	195/65R15 91T ESKIMO S3+ MS	1	24/04/2026	8.0	3225	Tyre Only	D			
0030152291	Autotehnica Fleet Services SRL	Bucuresti	B113XOZ	KMHLN41EANU264503	? N/A	0030166038	MADYT Autoserv	Buftea, Ilfov	000000000000531059	SAVA	Winter	195/65R15 91T ESKIMO S3+ MS	1	24/04/2026	8.0	3225	Tyre Only	D			
0030152291	Autotehnica Fleet Services SRL	Bucuresti	B113XOZ	KMHLN41EANU264503	? N/A	0030166038	MADYT Autoserv	Buftea, Ilfov	000000000000531059	SAVA	Winter	195/65R15 91T ESKIMO S3+ MS	1	24/04/2026	7.0	3225	Tyre Only	D			
0030152291	Autotehnica Fleet Services SRL	Bucuresti	B113XPA	KMHLN41EANU264496	? N/A	0030166038	MADYT Autoserv	Buftea, Ilfov	000000000000531059	SAVA	Winter	195/65R15 91T ESKIMO S3+ MS	1	24/04/2026	8.0	4224	Tyre Only	D			
0030152291	Autotehnica Fleet Services SRL	Bucuresti	B113XPA	KMHLN41EANU264496	? N/A	0030166038	MADYT Autoserv	Buftea, Ilfov	000000000000531059	SAVA	Winter	195/65R15 91T ESKIMO S3+ MS	1	24/04/2026	8.0	3225	Tyre Only	D			
0030152291	Autotehnica Fleet Services SRL	Bucuresti	B113XPA	KMHLN41EANU264496	? N/A	0030166038	MADYT Autoserv	Buftea, Ilfov	000000000000531059	SAVA	Winter	195/65R15 91T ESKIMO S3+ MS	1	24/04/2026	8.0	4224	Tyre Only	D			
0030152291	Autotehnica Fleet Services SRL	Bucuresti	B113XPA	KMHLN41EANU264496	? N/A	0030166038	MADYT Autoserv	Buftea, Ilfov	000000000000531059	SAVA	Winter	195/65R15 91T ESKIMO S3+ MS	1	24/04/2026	7.0	3225	Tyre Only	D			
0030152291	Autotehnica Fleet Services SRL	Bucuresti	B113XPW	WVGZZZA1ZNV054147	? N/A	0030166038	MADYT Autoserv	Buftea, Ilfov	000000000000531967	SAVA	Winter	205/60R16 96H ESKIMO HP 2 XL	1	24/04/2026	8.0	2524	Tyre Only	D			
0030152291	Autotehnica Fleet Services SRL	Bucuresti	B113XPW	WVGZZZA1ZNV054147	? N/A	0030166038	MADYT Autoserv	Buftea, Ilfov	000000000000531967	SAVA	Winter	205/60R16 96H ESKIMO HP 2 XL	1	24/04/2026	8.0	2524	Tyre Only	D			
0030152291	Autotehnica Fleet Services SRL	Bucuresti	B113XPW	WVGZZZA1ZNV054147	? N/A	0030166038	MADYT Autoserv	Buftea, Ilfov	000000000000531967	SAVA	Winter	205/60R16 96H ESKIMO HP 2 XL	1	24/04/2026	8.0	2524	Tyre Only	D			
0030152291	Autotehnica Fleet Services SRL	Bucuresti	B113XPW	WVGZZZA1ZNV054147	? N/A	0030166038	MADYT Autoserv	Buftea, Ilfov	000000000000531967	SAVA	Winter	205/60R16 96H ESKIMO HP 2 XL	1	24/04/2026	8.0	2524	Tyre Only	D			
0030152291	Autotehnica Fleet Services SRL	Bucuresti	B113XPX	WVGZZZA1ZNV054626	? N/A	0030166038	MADYT Autoserv	Buftea, Ilfov	000000000000539242	SAVA	Winter	205/60R16 92H ESKIMO HP 2	1	24/04/2026	8.0	2424	Tyre Only	D			
0030152291	Autotehnica Fleet Services SRL	Bucuresti	B113XPX	WVGZZZA1ZNV054626	? N/A	0030166038	MADYT Autoserv	Buftea, Ilfov	000000000000539242	SAVA	Winter	205/60R16 92H ESKIMO HP 2	1	24/04/2026	8.0	2224	Tyre Only	D			
0030152291	Autotehnica Fleet Services SRL	Bucuresti	B113XPX	WVGZZZA1ZNV054626	? N/A	0030166038	MADYT Autoserv	Buftea, Ilfov	000000000000539242	SAVA	Winter	205/60R16 92H ESKIMO HP 2	1	24/04/2026	8.0	2424	Tyre Only	D			
0030152291	Autotehnica Fleet Services SRL	Bucuresti	B113XPX	WVGZZZA1ZNV054626	? N/A	0030166038	MADYT Autoserv	Buftea, Ilfov	000000000000539242	SAVA	Winter	205/60R16 92H ESKIMO HP 2	1	24/04/2026	7.0	2324	Tyre Only	D			
0030152291	Autotehnica Fleet Services SRL	Bucuresti	B114SJD	WVWZZZ3CZNE063316	? N/A	0030166038	MADYT Autoserv	Buftea, Ilfov	000000000000532514	SAVA	Winter	215/55R17 98V ESKIMO HP 2 XL FP	1	24/04/2026	7.0	2322	Tyre Only	D			
0030152291	Autotehnica Fleet Services SRL	Bucuresti	B114SJD	WVWZZZ3CZNE063316	? N/A	0030166038	MADYT Autoserv	Buftea, Ilfov	000000000000532514	SAVA	Winter	215/55R17 98V ESKIMO HP 2 XL FP	1	24/04/2026	8.0	2322	Tyre Only	D			
0030152291	Autotehnica Fleet Services SRL	Bucuresti	B114SJD	WVWZZZ3CZNE063316	? N/A	0030166038	MADYT Autoserv	Buftea, Ilfov	000000000000532514	SAVA	Winter	215/55R17 98V ESKIMO HP 2 XL FP	1	24/04/2026	8.0	2322	Tyre Only	D			
0030152291	Autotehnica Fleet Services SRL	Bucuresti	B114SJD	WVWZZZ3CZNE063316	? N/A	0030166038	MADYT Autoserv	Buftea, Ilfov	000000000000532514	SAVA	Winter	215/55R17 98V ESKIMO HP 2 XL FP	1	24/04/2026	7.0	2322	Tyre Only	D			
0030152291	Autotehnica Fleet Services SRL	Bucuresti	B114SJL	KMHK1812ANU889955	? N/A	0030166038	MADYT Autoserv	Buftea, Ilfov	000000000000531967	SAVA	Winter	205/60R16 96H ESKIMO HP 2 XL	1	24/04/2026	7.0	2222	Tyre Only	D			
0030152291	Autotehnica Fleet Services SRL	Bucuresti	B114SJL	KMHK1812ANU889955	? N/A	0030166038	MADYT Autoserv	Buftea, Ilfov	000000000000531967	SAVA	Winter	205/60R16 96H ESKIMO HP 2 XL	1	24/04/2026	7.0	2222	Tyre Only	D			
0030152291	Autotehnica Fleet Services SRL	Bucuresti	B114SJL	KMHK1812ANU889955	? N/A	0030166038	MADYT Autoserv	Buftea, Ilfov	000000000000531967	SAVA	Winter	205/60R16 96H ESKIMO HP 2 XL	1	24/04/2026	7.0	2222	Tyre Only	D			
0030152291	Autotehnica Fleet Services SRL	Bucuresti	B114SJL	KMHK1812ANU889955	? N/A	0030166038	MADYT Autoserv	Buftea, Ilfov	000000000000531967	SAVA	Winter	205/60R16 96H ESKIMO HP 2 XL	1	24/04/2026	7.0	2222	Tyre Only	D			
0030152291	Autotehnica Fleet Services SRL	Bucuresti	B114SJM	KMHK1812ANU889958	? N/A	0030166038	MADYT Autoserv	Buftea, Ilfov	000000000000531967	SAVA	Winter	205/60R16 96H ESKIMO HP 2 XL	1	24/04/2026	7.0	2222	Tyre Only	D			
0030152291	Autotehnica Fleet Services SRL	Bucuresti	B114SJM	KMHK1812ANU889958	? N/A	0030166038	MADYT Autoserv	Buftea, Ilfov	000000000000531967	SAVA	Winter	205/60R16 96H ESKIMO HP 2 XL	1	24/04/2026	7.0	2222	Tyre Only	D			
0030152291	Autotehnica Fleet Services SRL	Bucuresti	B114SJM	KMHK1812ANU889958	? N/A	0030166038	MADYT Autoserv	Buftea, Ilfov	000000000000531967	SAVA	Winter	205/60R16 96H ESKIMO HP 2 XL	1	24/04/2026	8.0	2222	Tyre Only	D			
0030152291	Autotehnica Fleet Services SRL	Bucuresti	B114SJM	KMHK1812ANU889958	? N/A	0030166038	MADYT Autoserv	Buftea, Ilfov	000000000000531967	SAVA	Winter	205/60R16 96H ESKIMO HP 2 XL	1	24/04/2026	7.0	2222	Tyre Only	D			
0030152291	Autotehnica Fleet Services SRL	Bucuresti	B121KED	TMBAR8NX8RY152623	? N/A	0030166038	MADYT Autoserv	Buftea, Ilfov	000000000000539242	SAVA	Winter	205/60R16 92H ESKIMO HP 2	1	24/04/2026	8.0	2224	Tyre Only	D			
0030152291	Autotehnica Fleet Services SRL	Bucuresti	B121KED	TMBAR8NX8RY152623	? N/A	0030166038	MADYT Autoserv	Buftea, Ilfov	000000000000539242	SAVA	Winter	205/60R16 92H ESKIMO HP 2	1	24/04/2026	8.0	2224	Tyre Only	D			
0030152291	Autotehnica Fleet Services SRL	Bucuresti	B121KED	TMBAR8NX8RY152623	? N/A	0030166038	MADYT Autoserv	Buftea, Ilfov	000000000000539242	SAVA	Winter	205/60R16 92H ESKIMO HP 2	1	24/04/2026	8.0	2224	Tyre Only	D			
0030152291	Autotehnica Fleet Services SRL	Bucuresti	B121KED	TMBAR8NX8RY152623	? N/A	0030166038	MADYT Autoserv	Buftea, Ilfov	000000000000539242	SAVA	Winter	205/60R16 92H ESKIMO HP 2	1	24/04/2026	8.0	2224	Tyre Only	D			
0030152291	Autotehnica Fleet Services SRL	Bucuresti	B123CBL	WF02XXERK2PJ11178	? N/A	0030166038	MADYT Autoserv	Buftea, Ilfov	000000000003114635	GT-RADIAL	Winter	215/55R17 98V WINTERPRO 2 XL	1	24/04/2026	7.0	2023	Tyre Only	D			
0030152291	Autotehnica Fleet Services SRL	Bucuresti	B123CBL	WF02XXERK2PJ11178	? N/A	0030166038	MADYT Autoserv	Buftea, Ilfov	000000000003114635	GT-RADIAL	Winter	215/55R17 98V WINTERPRO 2 XL	1	24/04/2026	7.0	2023	Tyre Only	D			
0030152291	Autotehnica Fleet Services SRL	Bucuresti	B123CBL	WF02XXERK2PJ11178	? N/A	0030166038	MADYT Autoserv	Buftea, Ilfov	000000000003114635	GT-RADIAL	Winter	215/55R17 98V WINTERPRO 2 XL	1	24/04/2026	7.0	2023	Tyre Only	D			
0030152291	Autotehnica Fleet Services SRL	Bucuresti	B123CBL	WF02XXERK2PJ11178	? N/A	0030166038	MADYT Autoserv	Buftea, Ilfov	000000000003114635	GT-RADIAL	Winter	215/55R17 98V WINTERPRO 2 XL	1	24/04/2026	7.0	2023	Tyre Only	D			
0030152291	Autotehnica Fleet Services SRL	Bucuresti	B124CBL	WF02XXERK2PJ12100	? N/A	0030166038	MADYT Autoserv	Buftea, Ilfov	000000000003114635	GT-RADIAL	Winter	215/55R17 98V WINTERPRO 2 XL	1	24/04/2026	7.0	1923	Tyre Only	D			
0030152291	Autotehnica Fleet Services SRL	Bucuresti	B124CBL	WF02XXERK2PJ12100	? N/A	0030166038	MADYT Autoserv	Buftea, Ilfov	000000000003114635	GT-RADIAL	Winter	215/55R17 98V WINTERPRO 2 XL	1	24/04/2026	6.0	2023	Tyre Only	D			
0030152291	Autotehnica Fleet Services SRL	Bucuresti	B124CBL	WF02XXERK2PJ12100	? N/A	0030166038	MADYT Autoserv	Buftea, Ilfov	000000000003114635	GT-RADIAL	Winter	215/55R17 98V WINTERPRO 2 XL	1	24/04/2026	7.0	2023	Tyre Only	D			
0030152291	Autotehnica Fleet Services SRL	Bucuresti	B124CBL	WF02XXERK2PJ12100	? N/A	0030166038	MADYT Autoserv	Buftea, Ilfov	000000000003114635	GT-RADIAL	Winter	215/55R17 98V WINTERPRO 2 XL	1	24/04/2026	7.0	2023	Tyre Only	D			
0030152291	Autotehnica Fleet Services SRL	Bucuresti	B314MAN	NMTK33BX40R230096	? N/A	0030166038	MADYT Autoserv	Buftea, Ilfov	000000000000578584	SAVA	Winter	215/60R17 96H ESKIMO SUV 2	1	24/04/2026	7.0	3925	Tyre Only	D			
0030152291	Autotehnica Fleet Services SRL	Bucuresti	B314MAN	NMTK33BX40R230096	? N/A	0030166038	MADYT Autoserv	Buftea, Ilfov	000000000000578584	SAVA	Winter	215/60R17 96H ESKIMO SUV 2	1	24/04/2026	7.0	3925	Tyre Only	D			
0030152291	Autotehnica Fleet Services SRL	Bucuresti	B314MAN	NMTK33BX40R230096	? N/A	0030166038	MADYT Autoserv	Buftea, Ilfov	000000000000578584	SAVA	Winter	215/60R17 96H ESKIMO SUV 2	1	24/04/2026	8.0	3925	Tyre Only	D			
0030152291	Autotehnica Fleet Services SRL	Bucuresti	B314MAN	NMTK33BX40R230096	? N/A	0030166038	MADYT Autoserv	Buftea, Ilfov	000000000000578584	SAVA	Winter	215/60R17 96H ESKIMO SUV 2	1	24/04/2026	8.0	3925	Tyre Only	D			
0030152291	Autotehnica Fleet Services SRL	Bucuresti	B413LUK	KMHLN41EANU264497	? N/A	0030166038	MADYT Autoserv	Buftea, Ilfov	000000000000531059	SAVA	Winter	195/65R15 91T ESKIMO S3+ MS	1	24/04/2026	8.0	3225	Tyre Only	D			
0030152291	Autotehnica Fleet Services SRL	Bucuresti	B413LUK	KMHLN41EANU264497	? N/A	0030166038	MADYT Autoserv	Buftea, Ilfov	000000000000531059	SAVA	Winter	195/65R15 91T ESKIMO S3+ MS	1	24/04/2026	7.0	3225	Tyre Only	D			
0030152291	Autotehnica Fleet Services SRL	Bucuresti	B413LUK	KMHLN41EANU264497	? N/A	0030166038	MADYT Autoserv	Buftea, Ilfov	000000000000531059	SAVA	Winter	195/65R15 91T ESKIMO S3+ MS	1	24/04/2026	8.0	3725	Tyre Only	D			
0030152291	Autotehnica Fleet Services SRL	Bucuresti	B413LUK	KMHLN41EANU264497	? N/A	0030166038	MADYT Autoserv	Buftea, Ilfov	000000000000531059	SAVA	Winter	195/65R15 91T ESKIMO S3+ MS	1	24/04/2026	7.0	3225	Tyre Only	D			
0030152291	Autotehnica Fleet Services SRL	Bucuresti	B232AJB	JTPAAAAA10R159767	? N/A	0030166038	MADYT Autoserv	Buftea, Ilfov	000000000003149819	Dunlop S.R.I	Winter	225/55R18 102H SP WI SPT 4D MS XL	1	25/04/2026	8.0	4724	Tyre Only	D			
0030152291	Autotehnica Fleet Services SRL	Bucuresti	B232AJB	JTPAAAAA10R159767	? N/A	0030166038	MADYT Autoserv	Buftea, Ilfov	000000000003149819	Dunlop S.R.I	Winter	225/55R18 102H SP WI SPT 4D MS XL	1	25/04/2026	8.0	4724	Tyre Only	D			
0030152291	Autotehnica Fleet Services SRL	Bucuresti	B232AJB	JTPAAAAA10R159767	? N/A	0030166038	MADYT Autoserv	Buftea, Ilfov	000000000003149819	Dunlop S.R.I	Winter	225/55R18 102H SP WI SPT 4D MS XL	1	25/04/2026	8.0	4724	Tyre Only	D			
0030152291	Autotehnica Fleet Services SRL	Bucuresti	B232AJB	JTPAAAAA10R159767	? N/A	0030166038	MADYT Autoserv	Buftea, Ilfov	000000000003149819	Dunlop S.R.I	Winter	225/55R18 102H SP WI SPT 4D MS XL	1	25/04/2026	8.0	4724	Tyre Only	D			
0030042972	ARVAL SERVICE LEASE ROMANIA SRL	Bucuresti	B234FRO	JTDKBABB90A387049	TOYOTA YARIS CROSS	0030166038	MADYT Autoserv	Buftea, Ilfov	000000000003114455	NOKIAN	Winter	205/65R16 95H SNOWPROOF 1	1	25/04/2026	6.0	1623	Tyre Only	D			
0030042972	ARVAL SERVICE LEASE ROMANIA SRL	Bucuresti	B234FRO	JTDKBABB90A387049	TOYOTA YARIS CROSS	0030166038	MADYT Autoserv	Buftea, Ilfov	000000000003114455	NOKIAN	Winter	205/65R16 95H SNOWPROOF 1	1	25/04/2026	6.0	1623	Tyre Only	D			
0030042972	ARVAL SERVICE LEASE ROMANIA SRL	Bucuresti	B234FRO	JTDKBABB90A387049	TOYOTA YARIS CROSS	0030166038	MADYT Autoserv	Buftea, Ilfov	000000000003114455	NOKIAN	Winter	205/65R16 95H SNOWPROOF 1	1	25/04/2026	5.0	1623	Tyre Only	D			
0030042972	ARVAL SERVICE LEASE ROMANIA SRL	Bucuresti	B234FRO	JTDKBABB90A387049	TOYOTA YARIS CROSS	0030166038	MADYT Autoserv	Buftea, Ilfov	000000000003114455	NOKIAN	Winter	205/65R16 95H SNOWPROOF 1	1	25/04/2026	6.0	1623	Tyre Only	D			
0030042972	ARVAL SERVICE LEASE ROMANIA SRL	Bucuresti	B241FRO	JTDKBABB70A389253	TOYOTA YARIS CROSS	0030166038	MADYT Autoserv	Buftea, Ilfov	000000000003114455	NOKIAN	Winter	205/65R16 95H SNOWPROOF 1	1	25/04/2026	6.0	1723	Tyre Only	D			
0030042972	ARVAL SERVICE LEASE ROMANIA SRL	Bucuresti	B241FRO	JTDKBABB70A389253	TOYOTA YARIS CROSS	0030166038	MADYT Autoserv	Buftea, Ilfov	000000000003114455	NOKIAN	Winter	205/65R16 95H SNOWPROOF 1	1	25/04/2026	6.0	1723	Tyre Only	D			
0030042972	ARVAL SERVICE LEASE ROMANIA SRL	Bucuresti	B241FRO	JTDKBABB70A389253	TOYOTA YARIS CROSS	0030166038	MADYT Autoserv	Buftea, Ilfov	000000000003114455	NOKIAN	Winter	205/65R16 95H SNOWPROOF 1	1	25/04/2026	7.0	1723	Tyre Only	D			
0030042972	ARVAL SERVICE LEASE ROMANIA SRL	Bucuresti	B241FRO	JTDKBABB70A389253	TOYOTA YARIS CROSS	0030166038	MADYT Autoserv	Buftea, Ilfov	000000000003114455	NOKIAN	Winter	205/65R16 95H SNOWPROOF 1	1	25/04/2026	6.0	1723	Tyre Only	D			
0030042972	ARVAL SERVICE LEASE ROMANIA SRL	Bucuresti	B256FRO	JTDKBABB40A387041	TOYOTA YARIS CROSS	0030166038	MADYT Autoserv	Buftea, Ilfov	000000000000542921	GOODYEAR	Winter	205/65R16 95H UG 8 PERFORMANCE MS *	1	25/04/2026	7.0	3723	Tyre Only	D			
0030042972	ARVAL SERVICE LEASE ROMANIA SRL	Bucuresti	B256FRO	JTDKBABB40A387041	TOYOTA YARIS CROSS	0030166038	MADYT Autoserv	Buftea, Ilfov	000000000000542921	GOODYEAR	Winter	205/65R16 95H UG 8 PERFORMANCE MS *	1	25/04/2026	6.0	3723	Tyre Only	D			
0030042972	ARVAL SERVICE LEASE ROMANIA SRL	Bucuresti	B256FRO	JTDKBABB40A387041	TOYOTA YARIS CROSS	0030166038	MADYT Autoserv	Buftea, Ilfov	000000000000542921	GOODYEAR	Winter	205/65R16 95H UG 8 PERFORMANCE MS *	1	25/04/2026	6.0	3723	Tyre Only	D			
0030042972	ARVAL SERVICE LEASE ROMANIA SRL	Bucuresti	B256FRO	JTDKBABB40A387041	TOYOTA YARIS CROSS	0030166038	MADYT Autoserv	Buftea, Ilfov	000000000000542921	GOODYEAR	Winter	205/65R16 95H UG 8 PERFORMANCE MS *	1	25/04/2026	7.0	3723	Tyre Only	D			
0030042972	ARVAL SERVICE LEASE ROMANIA SRL	Bucuresti	B113FRO	WVGZZZCTXSW530074	VOLKSWAGEN TIGUAN	0030166038	MADYT Autoserv	Buftea, Ilfov	000000000000581345	DUNLOP	Winter	255/45R19 104V WINTER SPT 5 XL MFS	1	27/04/2026	8.0	2224	Tyre Only	D			
0030042972	ARVAL SERVICE LEASE ROMANIA SRL	Bucuresti	B113FRO	WVGZZZCTXSW530074	VOLKSWAGEN TIGUAN	0030166038	MADYT Autoserv	Buftea, Ilfov	000000000000581345	DUNLOP	Winter	255/45R19 104V WINTER SPT 5 XL MFS	1	27/04/2026	8.0	2224	Tyre Only	D			
0030042972	ARVAL SERVICE LEASE ROMANIA SRL	Bucuresti	B113FRO	WVGZZZCTXSW530074	VOLKSWAGEN TIGUAN	0030166038	MADYT Autoserv	Buftea, Ilfov	000000000000581345	DUNLOP	Winter	255/45R19 104V WINTER SPT 5 XL MFS	1	27/04/2026	8.0	2224	Tyre Only	D			
0030042972	ARVAL SERVICE LEASE ROMANIA SRL	Bucuresti	B113FRO	WVGZZZCTXSW530074	VOLKSWAGEN TIGUAN	0030166038	MADYT Autoserv	Buftea, Ilfov	000000000000581345	DUNLOP	Winter	255/45R19 104V WINTER SPT 5 XL MFS	1	27/04/2026	8.0	2224	Tyre Only	D			
0030042972	ARVAL SERVICE LEASE ROMANIA SRL	Bucuresti	B115NPY	WVWZZZCD2PW006602	VOLKSWAGEN GOLF HATCHBACK	0030166038	MADYT Autoserv	Buftea, Ilfov	000000000003102747	SEMPERIT	Winter	205/55R16 91H SPEED-GRIP 5	1	27/04/2026	7.0	2422	Tyre Only	D			
0030042972	ARVAL SERVICE LEASE ROMANIA SRL	Bucuresti	B115NPY	WVWZZZCD2PW006602	VOLKSWAGEN GOLF HATCHBACK	0030166038	MADYT Autoserv	Buftea, Ilfov	000000000003102747	SEMPERIT	Winter	205/55R16 91H SPEED-GRIP 5	1	27/04/2026	7.0	2422	Tyre Only	D			
0030042972	ARVAL SERVICE LEASE ROMANIA SRL	Bucuresti	B115NPY	WVWZZZCD2PW006602	VOLKSWAGEN GOLF HATCHBACK	0030166038	MADYT Autoserv	Buftea, Ilfov	000000000000580658	GOODYEAR	Winter	205/55R16 91H UG PERF 3	1	27/04/2026	8.0	4025	Tyre Only	D			
0030042972	ARVAL SERVICE LEASE ROMANIA SRL	Bucuresti	B115NPY	WVWZZZCD2PW006602	VOLKSWAGEN GOLF HATCHBACK	0030166038	MADYT Autoserv	Buftea, Ilfov	000000000000580658	GOODYEAR	Winter	205/55R16 91H UG PERF 3	1	27/04/2026	8.0	4025	Tyre Only	D			
0030042972	ARVAL SERVICE LEASE ROMANIA SRL	Bucuresti	B118WWT	JTMR63FV80D082207	TOYOTA RAV4	0030166038	MADYT Autoserv	Buftea, Ilfov	000000000000581380	GOODYEAR	Winter	225/65R17 102H UG PERF + SUV	1	27/04/2026	7.0	3223	Tyre Only	D			
0030042972	ARVAL SERVICE LEASE ROMANIA SRL	Bucuresti	B118WWT	JTMR63FV80D082207	TOYOTA RAV4	0030166038	MADYT Autoserv	Buftea, Ilfov	000000000000581380	GOODYEAR	Winter	225/65R17 102H UG PERF + SUV	1	27/04/2026	7.0	3223	Tyre Only	D			
0030042972	ARVAL SERVICE LEASE ROMANIA SRL	Bucuresti	B118WWT	JTMR63FV80D082207	TOYOTA RAV4	0030166038	MADYT Autoserv	Buftea, Ilfov	000000000000581380	GOODYEAR	Winter	225/65R17 102H UG PERF + SUV	1	27/04/2026	7.0	3223	Tyre Only	D			
0030042972	ARVAL SERVICE LEASE ROMANIA SRL	Bucuresti	B118WWT	JTMR63FV80D082207	TOYOTA RAV4	0030166038	MADYT Autoserv	Buftea, Ilfov	000000000000581380	GOODYEAR	Winter	225/65R17 102H UG PERF + SUV	1	27/04/2026	7.0	3223	Tyre Only	D			
0030042972	ARVAL SERVICE LEASE ROMANIA SRL	Bucuresti	B118WWU	JTMR63FV80D082613	TOYOTA RAV4	0030166038	MADYT Autoserv	Buftea, Ilfov	000000000000581380	GOODYEAR	Winter	225/65R17 102H UG PERF + SUV	1	27/04/2026	7.0	3223	Tyre Only	D			
0030042972	ARVAL SERVICE LEASE ROMANIA SRL	Bucuresti	B118WWU	JTMR63FV80D082613	TOYOTA RAV4	0030166038	MADYT Autoserv	Buftea, Ilfov	000000000000581380	GOODYEAR	Winter	225/65R17 102H UG PERF + SUV	1	27/04/2026	8.0	3223	Tyre Only	D			
0030042972	ARVAL SERVICE LEASE ROMANIA SRL	Bucuresti	B118WWU	JTMR63FV80D082613	TOYOTA RAV4	0030166038	MADYT Autoserv	Buftea, Ilfov	000000000000581380	GOODYEAR	Winter	225/65R17 102H UG PERF + SUV	1	27/04/2026	8.0	3223	Tyre Only	D			
0030042972	ARVAL SERVICE LEASE ROMANIA SRL	Bucuresti	B118WWU	JTMR63FV80D082613	TOYOTA RAV4	0030166038	MADYT Autoserv	Buftea, Ilfov	000000000000581380	GOODYEAR	Winter	225/65R17 102H UG PERF + SUV	1	27/04/2026	7.0	3223	Tyre Only	D			
0030042972	ARVAL SERVICE LEASE ROMANIA SRL	Bucuresti	B166FRO	JTNABACBX0J037645	TOYOTA COROLLA CROSS	0030166038	MADYT Autoserv	Buftea, Ilfov	000000000000580738	GOODYEAR	Winter	225/50R18 99V UG PERF 3 XL FP	1	27/04/2026	7.0	3824	Tyre Only	D			
0030042972	ARVAL SERVICE LEASE ROMANIA SRL	Bucuresti	B166FRO	JTNABACBX0J037645	TOYOTA COROLLA CROSS	0030166038	MADYT Autoserv	Buftea, Ilfov	000000000000580738	GOODYEAR	Winter	225/50R18 99V UG PERF 3 XL FP	1	27/04/2026	7.0	3724	Tyre Only	D			
0030042972	ARVAL SERVICE LEASE ROMANIA SRL	Bucuresti	B166FRO	JTNABACBX0J037645	TOYOTA COROLLA CROSS	0030166038	MADYT Autoserv	Buftea, Ilfov	000000000000580738	GOODYEAR	Winter	225/50R18 99V UG PERF 3 XL FP	1	27/04/2026	7.0	3824	Tyre Only	D			
0030042972	ARVAL SERVICE LEASE ROMANIA SRL	Bucuresti	B166FRO	JTNABACBX0J037645	TOYOTA COROLLA CROSS	0030166038	MADYT Autoserv	Buftea, Ilfov	000000000000580738	GOODYEAR	Winter	225/50R18 99V UG PERF 3 XL FP	1	27/04/2026	7.0	3824	Tyre Only	D			
0030042972	ARVAL SERVICE LEASE ROMANIA SRL	Bucuresti	B248FRO	JTDKBABB20A386860	TOYOTA YARIS CROSS	0030166038	MADYT Autoserv	Buftea, Ilfov	000000000000577604	GOODYEAR	Winter	205/65R16 95H UG 8 PERFORMANCE MS	1	27/04/2026	6.0	3723	Tyre Only	D			
0030042972	ARVAL SERVICE LEASE ROMANIA SRL	Bucuresti	B248FRO	JTDKBABB20A386860	TOYOTA YARIS CROSS	0030166038	MADYT Autoserv	Buftea, Ilfov	000000000000577604	GOODYEAR	Winter	205/65R16 95H UG 8 PERFORMANCE MS	1	27/04/2026	7.0	3723	Tyre Only	D			
0030042972	ARVAL SERVICE LEASE ROMANIA SRL	Bucuresti	B248FRO	JTDKBABB20A386860	TOYOTA YARIS CROSS	0030166038	MADYT Autoserv	Buftea, Ilfov	000000000000577604	GOODYEAR	Winter	205/65R16 95H UG 8 PERFORMANCE MS	1	27/04/2026	7.0	3723	Tyre Only	D			
0030042972	ARVAL SERVICE LEASE ROMANIA SRL	Bucuresti	B248FRO	JTDKBABB20A386860	TOYOTA YARIS CROSS	0030166038	MADYT Autoserv	Buftea, Ilfov	000000000000577604	GOODYEAR	Winter	205/65R16 95H UG 8 PERFORMANCE MS	1	27/04/2026	7.0	4223	Tyre Only	D			
0030152291	Autotehnica Fleet Services SRL	Bucuresti	B117AJB	AHTBB3CD001789301	? N/A	0030166038	MADYT Autoserv	Buftea, Ilfov	000000000001620209	BRIDGESTONE	Summer	265/60R18 110H D684 II	1	28/04/2026	5.0	0524	Tyre Only	D			
0030152291	Autotehnica Fleet Services SRL	Bucuresti	B117AJB	AHTBB3CD001789301	? N/A	0030166038	MADYT Autoserv	Buftea, Ilfov	000000000001620209	BRIDGESTONE	Summer	265/60R18 110H D684 II	1	28/04/2026	5.0	0524	Tyre Only	D			
0030152291	Autotehnica Fleet Services SRL	Bucuresti	B117AJB	AHTBB3CD001789301	? N/A	0030166038	MADYT Autoserv	Buftea, Ilfov	000000000001620209	BRIDGESTONE	Summer	265/60R18 110H D684 II	1	28/04/2026	5.0	0524	Tyre Only	D			
0030152291	Autotehnica Fleet Services SRL	Bucuresti	B117AJB	AHTBB3CD001789301	? N/A	0030166038	MADYT Autoserv	Buftea, Ilfov	000000000001620209	BRIDGESTONE	Summer	265/60R18 110H D684 II	1	28/04/2026	5.0	0524	Tyre Only	D			
0030152291	Autotehnica Fleet Services SRL	Bucuresti	B125AJB	VF1MB000972797616	? N/A	0030166038	MADYT Autoserv	Buftea, Ilfov	000000000000598803	DUNLOP	Winter	195/75R16C 110/108R ECONODRIVE WINTER	1	28/04/2026	7.0	3325	Tyre Only	D			
0030152291	Autotehnica Fleet Services SRL	Bucuresti	B125AJB	VF1MB000972797616	? N/A	0030166038	MADYT Autoserv	Buftea, Ilfov	000000000000598803	DUNLOP	Winter	195/75R16C 110/108R ECONODRIVE WINTER	1	28/04/2026	6.0	3325	Tyre Only	D			
0030152291	Autotehnica Fleet Services SRL	Bucuresti	B125AJB	VF1MB000972797616	? N/A	0030166038	MADYT Autoserv	Buftea, Ilfov	000000000000598803	DUNLOP	Winter	195/75R16C 110/108R ECONODRIVE WINTER	1	28/04/2026	7.0	3325	Tyre Only	D			
0030152291	Autotehnica Fleet Services SRL	Bucuresti	B125AJB	VF1MB000972797616	? N/A	0030166038	MADYT Autoserv	Buftea, Ilfov	000000000000598803	DUNLOP	Winter	195/75R16C 110/108R ECONODRIVE WINTER	1	28/04/2026	6.0	3325	Tyre Only	D			
0030152291	Autotehnica Fleet Services SRL	Bucuresti	B125AJB	VF1MB000972797616	? N/A	0030166038	MADYT Autoserv	Buftea, Ilfov	000000000000598803	DUNLOP	Winter	195/75R16C 110/108R ECONODRIVE WINTER	1	28/04/2026	6.0	3325	Tyre Only	D			
0030152291	Autotehnica Fleet Services SRL	Bucuresti	B125AJB	VF1MB000972797616	? N/A	0030166038	MADYT Autoserv	Buftea, Ilfov	000000000000598803	DUNLOP	Winter	195/75R16C 110/108R ECONODRIVE WINTER	1	28/04/2026	6.0	3325	Tyre Only	D			
0030152291	Autotehnica Fleet Services SRL	Bucuresti	B141AJB	VF1MB000372828391	? N/A	0030166038	MADYT Autoserv	Buftea, Ilfov	000000000000571840	SAVA	Winter	195/65R16C 104/102T ESKIMO LT	1	28/04/2026	6.0	2324	Tyre Only	D			
0030152291	Autotehnica Fleet Services SRL	Bucuresti	B141AJB	VF1MB000372828391	? N/A	0030166038	MADYT Autoserv	Buftea, Ilfov	000000000000571840	SAVA	Winter	195/65R16C 104/102T ESKIMO LT	1	28/04/2026	8.0	2025	Tyre Only	D			
0030152291	Autotehnica Fleet Services SRL	Bucuresti	B141AJB	VF1MB000372828391	? N/A	0030166038	MADYT Autoserv	Buftea, Ilfov	000000000000571840	SAVA	Winter	195/65R16C 104/102T ESKIMO LT	1	28/04/2026	8.0	2025	Tyre Only	D			
0030152291	Autotehnica Fleet Services SRL	Bucuresti	B141AJB	VF1MB000372828391	? N/A	0030166038	MADYT Autoserv	Buftea, Ilfov	000000000000571840	SAVA	Winter	195/65R16C 104/102T ESKIMO LT	1	28/04/2026	5.0	2324	Tyre Only	D			
0030152291	Autotehnica Fleet Services SRL	Bucuresti	B141AJB	VF1MB000372828391	? N/A	0030166038	MADYT Autoserv	Buftea, Ilfov	000000000000571840	SAVA	Winter	195/65R16C 104/102T ESKIMO LT	1	28/04/2026	5.0	2324	Tyre Only	D			
0030152291	Autotehnica Fleet Services SRL	Bucuresti	B141AJB	VF1MB000372828391	? N/A	0030166038	MADYT Autoserv	Buftea, Ilfov	000000000000571840	SAVA	Winter	195/65R16C 104/102T ESKIMO LT	1	28/04/2026	5.0	2324	Tyre Only	D			
0030152291	Autotehnica Fleet Services SRL	Bucuresti	B160AJB	VF1VB000972918763	? N/A	0030166038	MADYT Autoserv	Buftea, Ilfov	000000000000571842	SAVA	Winter	195/75R16C 107/105R ESKIMO LT	1	28/04/2026	4.0	2324	Tyre Only	D			
0030152291	Autotehnica Fleet Services SRL	Bucuresti	B160AJB	VF1VB000972918763	? N/A	0030166038	MADYT Autoserv	Buftea, Ilfov	000000000000571842	SAVA	Winter	195/75R16C 107/105R ESKIMO LT	1	28/04/2026	4.0	2424	Tyre Only	D			
0030152291	Autotehnica Fleet Services SRL	Bucuresti	B160AJB	VF1VB000972918763	? N/A	0030166038	MADYT Autoserv	Buftea, Ilfov	000000000000571842	SAVA	Winter	195/75R16C 107/105R ESKIMO LT	1	28/04/2026	4.0	2324	Tyre Only	D			
0030152291	Autotehnica Fleet Services SRL	Bucuresti	B160AJB	VF1VB000972918763	? N/A	0030166038	MADYT Autoserv	Buftea, Ilfov	000000000000571842	SAVA	Winter	195/75R16C 107/105R ESKIMO LT	1	28/04/2026	5.0	2324	Tyre Only	D			
0030152291	Autotehnica Fleet Services SRL	Bucuresti	B160AJB	VF1VB000972918763	? N/A	0030166038	MADYT Autoserv	Buftea, Ilfov	000000000000571842	SAVA	Winter	195/75R16C 107/105R ESKIMO LT	1	28/04/2026	5.0	2424	Tyre Only	D			
0030152291	Autotehnica Fleet Services SRL	Bucuresti	B160AJB	VF1VB000972918763	? N/A	0030166038	MADYT Autoserv	Buftea, Ilfov	000000000000571842	SAVA	Winter	195/75R16C 107/105R ESKIMO LT	1	28/04/2026	4.0	2324	Tyre Only	D			
0030152291	Autotehnica Fleet Services SRL	Bucuresti	B180AJB	AHTBB3CD101795060	? N/A	0030166038	MADYT Autoserv	Buftea, Ilfov	000000000000581409	DUNLOP	Winter	265/60R18 114H WINTER SPT 5 SUV XL	1	28/04/2026	7.0	3825	Tyre Only	D			
0030152291	Autotehnica Fleet Services SRL	Bucuresti	B180AJB	AHTBB3CD101795060	? N/A	0030166038	MADYT Autoserv	Buftea, Ilfov	000000000000581409	DUNLOP	Winter	265/60R18 114H WINTER SPT 5 SUV XL	1	28/04/2026	7.0	4125	Tyre Only	D			
0030152291	Autotehnica Fleet Services SRL	Bucuresti	B180AJB	AHTBB3CD101795060	? N/A	0030166038	MADYT Autoserv	Buftea, Ilfov	000000000000581409	DUNLOP	Winter	265/60R18 114H WINTER SPT 5 SUV XL	1	28/04/2026	7.0	3825	Tyre Only	D			
0030152291	Autotehnica Fleet Services SRL	Bucuresti	B180AJB	AHTBB3CD101795060	? N/A	0030166038	MADYT Autoserv	Buftea, Ilfov	000000000000581409	DUNLOP	Winter	265/60R18 114H WINTER SPT 5 SUV XL	1	28/04/2026	7.0	4125	Tyre Only	D	ANV ARE PETIC		
0030152291	Autotehnica Fleet Services SRL	Bucuresti	B181AJB	AHTBB3CD601795698	? N/A	0030166038	MADYT Autoserv	Buftea, Ilfov	000000000000581409	DUNLOP	Winter	265/60R18 114H WINTER SPT 5 SUV XL	1	28/04/2026	6.0	4125	Tyre Only	D			
0030152291	Autotehnica Fleet Services SRL	Bucuresti	B181AJB	AHTBB3CD601795698	? N/A	0030166038	MADYT Autoserv	Buftea, Ilfov	000000000000581409	DUNLOP	Winter	265/60R18 114H WINTER SPT 5 SUV XL	1	28/04/2026	6.0	4125	Tyre Only	D			
0030152291	Autotehnica Fleet Services SRL	Bucuresti	B181AJB	AHTBB3CD601795698	? N/A	0030166038	MADYT Autoserv	Buftea, Ilfov	000000000000581409	DUNLOP	Winter	265/60R18 114H WINTER SPT 5 SUV XL	1	28/04/2026	7.0	4125	Tyre Only	D			
0030152291	Autotehnica Fleet Services SRL	Bucuresti	B181AJB	AHTBB3CD601795698	? N/A	0030166038	MADYT Autoserv	Buftea, Ilfov	000000000000581409	DUNLOP	Winter	265/60R18 114H WINTER SPT 5 SUV XL	1	28/04/2026	7.0	4125	Tyre Only	D			
0030152291	Autotehnica Fleet Services SRL	Bucuresti	B223AJB	YARVKEHZ7RZ084619	? N/A	0030166038	MADYT Autoserv	Buftea, Ilfov	000000000000532508	SAVA	Winter	225/55R17 101V ESKIMO HP 2 XL	1	28/04/2026	6.0	4524	Tyre Only	D			
0030152291	Autotehnica Fleet Services SRL	Bucuresti	B223AJB	YARVKEHZ7RZ084619	? N/A	0030166038	MADYT Autoserv	Buftea, Ilfov	000000000000532508	SAVA	Winter	225/55R17 101V ESKIMO HP 2 XL	1	28/04/2026	6.0	4524	Tyre Only	D			
0030152291	Autotehnica Fleet Services SRL	Bucuresti	B223AJB	YARVKEHZ7RZ084619	? N/A	0030166038	MADYT Autoserv	Buftea, Ilfov	000000000000532508	SAVA	Winter	225/55R17 101V ESKIMO HP 2 XL	1	28/04/2026	5.0	4524	Tyre Only	D			
0030152291	Autotehnica Fleet Services SRL	Bucuresti	B223AJB	YARVKEHZ7RZ084619	? N/A	0030166038	MADYT Autoserv	Buftea, Ilfov	000000000000532508	SAVA	Winter	225/55R17 101V ESKIMO HP 2 XL	1	28/04/2026	5.0	4524	Tyre Only	D			
0030152291	Autotehnica Fleet Services SRL	Bucuresti	B227AJB	YARVKEHZ7RZ084621	? N/A	0030166038	MADYT Autoserv	Buftea, Ilfov	000000000000532508	SAVA	Winter	225/55R17 101V ESKIMO HP 2 XL	1	28/04/2026	6.0	4624	Tyre Only	D			
0030152291	Autotehnica Fleet Services SRL	Bucuresti	B227AJB	YARVKEHZ7RZ084621	? N/A	0030166038	MADYT Autoserv	Buftea, Ilfov	000000000000532508	SAVA	Winter	225/55R17 101V ESKIMO HP 2 XL	1	28/04/2026	6.0	4524	Tyre Only	D			
0030152291	Autotehnica Fleet Services SRL	Bucuresti	B227AJB	YARVKEHZ7RZ084621	? N/A	0030166038	MADYT Autoserv	Buftea, Ilfov	000000000000532508	SAVA	Winter	225/55R17 101V ESKIMO HP 2 XL	1	28/04/2026	5.0	4424	Tyre Only	D			
0030152291	Autotehnica Fleet Services SRL	Bucuresti	B227AJB	YARVKEHZ7RZ084621	? N/A	0030166038	MADYT Autoserv	Buftea, Ilfov	000000000000532508	SAVA	Winter	225/55R17 101V ESKIMO HP 2 XL	1	28/04/2026	5.0	4624	Tyre Only	D			
0030042972	ARVAL SERVICE LEASE ROMANIA SRL	Bucuresti	B129CTY	JTNB23HKX03153456	TOYOTA CAMRY	0030166038	MADYT Autoserv	Buftea, Ilfov	000000000000578664	FULDA	Winter	235/45R18 98V KRI CONTROL HP 2 XL FP	1	29/04/2026	7.0	1223	Tyre Only	D			
0030042972	ARVAL SERVICE LEASE ROMANIA SRL	Bucuresti	B129CTY	JTNB23HKX03153456	TOYOTA CAMRY	0030166038	MADYT Autoserv	Buftea, Ilfov	000000000000578664	FULDA	Winter	235/45R18 98V KRI CONTROL HP 2 XL FP	1	29/04/2026	7.0	1223	Tyre Only	D			
0030042972	ARVAL SERVICE LEASE ROMANIA SRL	Bucuresti	B129CTY	JTNB23HKX03153456	TOYOTA CAMRY	0030166038	MADYT Autoserv	Buftea, Ilfov	000000000000578664	FULDA	Winter	235/45R18 98V KRI CONTROL HP 2 XL FP	1	29/04/2026	7.0	1223	Tyre Only	D			
0030042972	ARVAL SERVICE LEASE ROMANIA SRL	Bucuresti	B129CTY	JTNB23HKX03153456	TOYOTA CAMRY	0030166038	MADYT Autoserv	Buftea, Ilfov	000000000000578664	FULDA	Winter	235/45R18 98V KRI CONTROL HP 2 XL FP	1	29/04/2026	7.0	1223	Tyre Only	D			
0030042972	ARVAL SERVICE LEASE ROMANIA SRL	Bucuresti	B134CTY	JTNB23HK703153396	TOYOTA CAMRY	0030166038	MADYT Autoserv	Buftea, Ilfov	000000000000580743	GOODYEAR	Winter	235/45R18 98V UG PERF 3 XL FP	1	29/04/2026	7.0	2124	Tyre Only	D	atentie cu senzorul de presiune		
0030042972	ARVAL SERVICE LEASE ROMANIA SRL	Bucuresti	B134CTY	JTNB23HK703153396	TOYOTA CAMRY	0030166038	MADYT Autoserv	Buftea, Ilfov	000000000000578664	FULDA	Winter	235/45R18 98V KRI CONTROL HP 2 XL FP	1	29/04/2026	7.0	1223	Tyre Only	D			
0030042972	ARVAL SERVICE LEASE ROMANIA SRL	Bucuresti	B134CTY	JTNB23HK703153396	TOYOTA CAMRY	0030166038	MADYT Autoserv	Buftea, Ilfov	000000000000578664	FULDA	Winter	235/45R18 98V KRI CONTROL HP 2 XL FP	1	29/04/2026	7.0	1223	Tyre Only	D			
0030042972	ARVAL SERVICE LEASE ROMANIA SRL	Bucuresti	B134CTY	JTNB23HK703153396	TOYOTA CAMRY	0030166038	MADYT Autoserv	Buftea, Ilfov	000000000000580743	GOODYEAR	Winter	235/45R18 98V UG PERF 3 XL FP	1	29/04/2026	7.0	2124	Tyre Only	D			
0030042972	ARVAL SERVICE LEASE ROMANIA SRL	Bucuresti	B180CTY	NMTBD3BE80R010973	TOYOTA COROLLA SEDAN	0030166038	MADYT Autoserv	Buftea, Ilfov	000000000000526117	SAVA	Winter	205/55R16 91T ESKIMO S3+ MS	1	29/04/2026	7.0	3122	Tyre Only	D			
0030042972	ARVAL SERVICE LEASE ROMANIA SRL	Bucuresti	B180CTY	NMTBD3BE80R010973	TOYOTA COROLLA SEDAN	0030166038	MADYT Autoserv	Buftea, Ilfov	000000000000526117	SAVA	Winter	205/55R16 91T ESKIMO S3+ MS	1	29/04/2026	7.0	3122	Tyre Only	D			
0030042972	ARVAL SERVICE LEASE ROMANIA SRL	Bucuresti	B180CTY	NMTBD3BE80R010973	TOYOTA COROLLA SEDAN	0030166038	MADYT Autoserv	Buftea, Ilfov	000000000000526117	SAVA	Winter	205/55R16 91T ESKIMO S3+ MS	1	29/04/2026	7.0	3122	Tyre Only	D			
0030042972	ARVAL SERVICE LEASE ROMANIA SRL	Bucuresti	B180CTY	NMTBD3BE80R010973	TOYOTA COROLLA SEDAN	0030166038	MADYT Autoserv	Buftea, Ilfov	000000000000526117	SAVA	Winter	205/55R16 91T ESKIMO S3+ MS	1	29/04/2026	7.0	3122	Tyre Only	D			
0030042972	ARVAL SERVICE LEASE ROMANIA SRL	Bucuresti	B182CTY	NMTBD3BE40R010971	TOYOTA COROLLA SEDAN	0030166038	MADYT Autoserv	Buftea, Ilfov	000000000000526117	SAVA	Winter	205/55R16 91T ESKIMO S3+ MS	1	29/04/2026	7.0	3122	Tyre Only	D			
0030042972	ARVAL SERVICE LEASE ROMANIA SRL	Bucuresti	B182CTY	NMTBD3BE40R010971	TOYOTA COROLLA SEDAN	0030166038	MADYT Autoserv	Buftea, Ilfov	000000000000526117	SAVA	Winter	205/55R16 91T ESKIMO S3+ MS	1	29/04/2026	7.0	3122	Tyre Only	D			
0030042972	ARVAL SERVICE LEASE ROMANIA SRL	Bucuresti	B182CTY	NMTBD3BE40R010971	TOYOTA COROLLA SEDAN	0030166038	MADYT Autoserv	Buftea, Ilfov	000000000000526117	SAVA	Winter	205/55R16 91T ESKIMO S3+ MS	1	29/04/2026	7.0	3122	Tyre Only	D			
0030042972	ARVAL SERVICE LEASE ROMANIA SRL	Bucuresti	B182CTY	NMTBD3BE40R010971	TOYOTA COROLLA SEDAN	0030166038	MADYT Autoserv	Buftea, Ilfov	000000000000526117	SAVA	Winter	205/55R16 91T ESKIMO S3+ MS	1	29/04/2026	7.0	3122	Tyre Only	D			
0030042972	ARVAL SERVICE LEASE ROMANIA SRL	Bucuresti	B183CTY	NMTBD3BE40R011019	TOYOTA COROLLA SEDAN	0030166038	MADYT Autoserv	Buftea, Ilfov	000000000000526117	SAVA	Winter	205/55R16 91T ESKIMO S3+ MS	1	29/04/2026	6.0	3122	Tyre Only	D			
0030042972	ARVAL SERVICE LEASE ROMANIA SRL	Bucuresti	B183CTY	NMTBD3BE40R011019	TOYOTA COROLLA SEDAN	0030166038	MADYT Autoserv	Buftea, Ilfov	000000000000526117	SAVA	Winter	205/55R16 91T ESKIMO S3+ MS	1	29/04/2026	6.0	3122	Tyre Only	D			
0030042972	ARVAL SERVICE LEASE ROMANIA SRL	Bucuresti	B183CTY	NMTBD3BE40R011019	TOYOTA COROLLA SEDAN	0030166038	MADYT Autoserv	Buftea, Ilfov	000000000000526117	SAVA	Winter	205/55R16 91T ESKIMO S3+ MS	1	29/04/2026	6.0	3122	Tyre Only	D			
0030042972	ARVAL SERVICE LEASE ROMANIA SRL	Bucuresti	B183CTY	NMTBD3BE40R011019	TOYOTA COROLLA SEDAN	0030166038	MADYT Autoserv	Buftea, Ilfov	000000000000526117	SAVA	Winter	205/55R16 91T ESKIMO S3+ MS	1	29/04/2026	6.0	3122	Tyre Only	D			
0030042972	ARVAL SERVICE LEASE ROMANIA SRL	Bucuresti	B184CTY	NMTBD3BE60R011023	TOYOTA COROLLA SEDAN	0030166038	MADYT Autoserv	Buftea, Ilfov	000000000000526117	SAVA	Winter	205/55R16 91T ESKIMO S3+ MS	1	29/04/2026	7.0	3122	Tyre Only	D			
0030042972	ARVAL SERVICE LEASE ROMANIA SRL	Bucuresti	B184CTY	NMTBD3BE60R011023	TOYOTA COROLLA SEDAN	0030166038	MADYT Autoserv	Buftea, Ilfov	000000000000526117	SAVA	Winter	205/55R16 91T ESKIMO S3+ MS	1	29/04/2026	7.0	3122	Tyre Only	D			
0030042972	ARVAL SERVICE LEASE ROMANIA SRL	Bucuresti	B184CTY	NMTBD3BE60R011023	TOYOTA COROLLA SEDAN	0030166038	MADYT Autoserv	Buftea, Ilfov	000000000000526117	SAVA	Winter	205/55R16 91T ESKIMO S3+ MS	1	29/04/2026	7.0	3622	Tyre Only	D			
0030042972	ARVAL SERVICE LEASE ROMANIA SRL	Bucuresti	B184CTY	NMTBD3BE60R011023	TOYOTA COROLLA SEDAN	0030166038	MADYT Autoserv	Buftea, Ilfov	000000000000526117	SAVA	Winter	205/55R16 91T ESKIMO S3+ MS	1	29/04/2026	7.0	3122	Tyre Only	D			
0030042972	ARVAL SERVICE LEASE ROMANIA SRL	Bucuresti	B188CTY	NMTBD3BE90R010691	TOYOTA COROLLA SEDAN	0030166038	MADYT Autoserv	Buftea, Ilfov	000000000000526117	SAVA	Winter	205/55R16 91T ESKIMO S3+ MS	1	29/04/2026	7.0	3122	Tyre Only	D			
0030042972	ARVAL SERVICE LEASE ROMANIA SRL	Bucuresti	B188CTY	NMTBD3BE90R010691	TOYOTA COROLLA SEDAN	0030166038	MADYT Autoserv	Buftea, Ilfov	000000000000526117	SAVA	Winter	205/55R16 91T ESKIMO S3+ MS	1	29/04/2026	7.0	3122	Tyre Only	D			
0030042972	ARVAL SERVICE LEASE ROMANIA SRL	Bucuresti	B188CTY	NMTBD3BE90R010691	TOYOTA COROLLA SEDAN	0030166038	MADYT Autoserv	Buftea, Ilfov	000000000000526117	SAVA	Winter	205/55R16 91T ESKIMO S3+ MS	1	29/04/2026	7.0	3122	Tyre Only	D			
0030042972	ARVAL SERVICE LEASE ROMANIA SRL	Bucuresti	B188CTY	NMTBD3BE90R010691	TOYOTA COROLLA SEDAN	0030166038	MADYT Autoserv	Buftea, Ilfov	000000000000526117	SAVA	Winter	205/55R16 91T ESKIMO S3+ MS	1	29/04/2026	7.0	3122	Tyre Only	D			
0030042972	ARVAL SERVICE LEASE ROMANIA SRL	Bucuresti	B189CTY	JTNB23HK903143484	TOYOTA CAMRY	0030166038	MADYT Autoserv	Buftea, Ilfov	000000000000574660	DUNLOP	Winter	235/45R18 98V WINTER SPT 5 XL MFS	1	29/04/2026	7.0	2523	Tyre Only	D			
0030042972	ARVAL SERVICE LEASE ROMANIA SRL	Bucuresti	B189CTY	JTNB23HK903143484	TOYOTA CAMRY	0030166038	MADYT Autoserv	Buftea, Ilfov	000000000000574660	DUNLOP	Winter	235/45R18 98V WINTER SPT 5 XL MFS	1	29/04/2026	8.0	2523	Tyre Only	D			
0030042972	ARVAL SERVICE LEASE ROMANIA SRL	Bucuresti	B189CTY	JTNB23HK903143484	TOYOTA CAMRY	0030166038	MADYT Autoserv	Buftea, Ilfov	000000000000574660	DUNLOP	Winter	235/45R18 98V WINTER SPT 5 XL MFS	1	29/04/2026	8.0	2523	Tyre Only	D			
0030042972	ARVAL SERVICE LEASE ROMANIA SRL	Bucuresti	B189CTY	JTNB23HK903143484	TOYOTA CAMRY	0030166038	MADYT Autoserv	Buftea, Ilfov	000000000000574660	DUNLOP	Winter	235/45R18 98V WINTER SPT 5 XL MFS	1	29/04/2026	7.0	2523	Tyre Only	D	2 CIUPITURI  UMAR ANV		
0030042972	ARVAL SERVICE LEASE ROMANIA SRL	Bucuresti	B191CTY	JTNB23HK803143184	TOYOTA CAMRY	0030166038	MADYT Autoserv	Buftea, Ilfov	000000000000574660	DUNLOP	Winter	235/45R18 98V WINTER SPT 5 XL MFS	1	29/04/2026	7.0	2523	Tyre Only	D			
0030042972	ARVAL SERVICE LEASE ROMANIA SRL	Bucuresti	B191CTY	JTNB23HK803143184	TOYOTA CAMRY	0030166038	MADYT Autoserv	Buftea, Ilfov	000000000000574660	DUNLOP	Winter	235/45R18 98V WINTER SPT 5 XL MFS	1	29/04/2026	7.0	2523	Tyre Only	D			
0030042972	ARVAL SERVICE LEASE ROMANIA SRL	Bucuresti	B191CTY	JTNB23HK803143184	TOYOTA CAMRY	0030166038	MADYT Autoserv	Buftea, Ilfov	000000000000574660	DUNLOP	Winter	235/45R18 98V WINTER SPT 5 XL MFS	1	29/04/2026	7.0	2523	Tyre Only	D			
0030042972	ARVAL SERVICE LEASE ROMANIA SRL	Bucuresti	B191CTY	JTNB23HK803143184	TOYOTA CAMRY	0030166038	MADYT Autoserv	Buftea, Ilfov	000000000000574660	DUNLOP	Winter	235/45R18 98V WINTER SPT 5 XL MFS	1	29/04/2026	7.0	2523	Tyre Only	D	ANV CIUPITA PE UMAR		
0030152291	Autotehnica Fleet Services SRL	Bucuresti	B226AJB	YARVKEHZ7RZ082339	? N/A	0030166038	MADYT Autoserv	Buftea, Ilfov	000000000003102756	SEMPERIT	Winter	225/55R17 97H SPEED-GRIP 5	1	29/04/2026	6.0	2425	Tyre Only	D			
0030152291	Autotehnica Fleet Services SRL	Bucuresti	B226AJB	YARVKEHZ7RZ082339	? N/A	0030166038	MADYT Autoserv	Buftea, Ilfov	000000000000532508	SAVA	Winter	225/55R17 101V ESKIMO HP 2 XL	1	29/04/2026	6.0	2524	Tyre Only	D			
0030152291	Autotehnica Fleet Services SRL	Bucuresti	B226AJB	YARVKEHZ7RZ082339	? N/A	0030166038	MADYT Autoserv	Buftea, Ilfov	000000000003102756	SEMPERIT	Winter	225/55R17 97H SPEED-GRIP 5	1	29/04/2026	6.0	2425	Tyre Only	D			
0030152291	Autotehnica Fleet Services SRL	Bucuresti	B226AJB	YARVKEHZ7RZ082339	? N/A	0030166038	MADYT Autoserv	Buftea, Ilfov	000000000000539229	DEBICA	Winter	225/55R17 101V FRIGO HP 2 XL	1	29/04/2026	6.0	1525	Tyre Only	D			
0030042972	ARVAL SERVICE LEASE ROMANIA SRL	Bucuresti	B62CTY	JTMD63FV80J033424	TOYOTA RAV4	0030166038	MADYT Autoserv	Buftea, Ilfov	000000000000590580	COOPER	Winter	225/60R18 104V DISCOVERER WINTER XL	1	29/04/2026	6.0	2923	Tyre Only	D			
0030042972	ARVAL SERVICE LEASE ROMANIA SRL	Bucuresti	B62CTY	JTMD63FV80J033424	TOYOTA RAV4	0030166038	MADYT Autoserv	Buftea, Ilfov	000000000000590580	COOPER	Winter	225/60R18 104V DISCOVERER WINTER XL	1	29/04/2026	5.0	2923	Tyre Only	D			
0030042972	ARVAL SERVICE LEASE ROMANIA SRL	Bucuresti	B62CTY	JTMD63FV80J033424	TOYOTA RAV4	0030166038	MADYT Autoserv	Buftea, Ilfov	000000000000590580	COOPER	Winter	225/60R18 104V DISCOVERER WINTER XL	1	29/04/2026	5.0	2923	Tyre Only	D			
0030042972	ARVAL SERVICE LEASE ROMANIA SRL	Bucuresti	B62CTY	JTMD63FV80J033424	TOYOTA RAV4	0030166038	MADYT Autoserv	Buftea, Ilfov	000000000000590580	COOPER	Winter	225/60R18 104V DISCOVERER WINTER XL	1	29/04/2026	6.0	2923	Tyre Only	D			
0030042972	ARVAL SERVICE LEASE ROMANIA SRL	Bucuresti	B269FRO	JTNABACB80J033366	TOYOTA COROLLA CROSS	0030166038	MADYT Autoserv	Buftea, Ilfov	000000000000580738	GOODYEAR	Winter	225/50R18 99V UG PERF 3 XL FP	1	01/05/2026	6.0	2724	Tyre Only	D			
0030042972	ARVAL SERVICE LEASE ROMANIA SRL	Bucuresti	B269FRO	JTNABACB80J033366	TOYOTA COROLLA CROSS	0030166038	MADYT Autoserv	Buftea, Ilfov	000000000000580738	GOODYEAR	Winter	225/50R18 99V UG PERF 3 XL FP	1	01/05/2026	6.0	2724	Tyre Only	D			
0030042972	ARVAL SERVICE LEASE ROMANIA SRL	Bucuresti	B269FRO	JTNABACB80J033366	TOYOTA COROLLA CROSS	0030166038	MADYT Autoserv	Buftea, Ilfov	000000000000580738	GOODYEAR	Winter	225/50R18 99V UG PERF 3 XL FP	1	01/05/2026	6.0	2724	Tyre Only	D			
0030042972	ARVAL SERVICE LEASE ROMANIA SRL	Bucuresti	B269FRO	JTNABACB80J033366	TOYOTA COROLLA CROSS	0030166038	MADYT Autoserv	Buftea, Ilfov	000000000000580738	GOODYEAR	Winter	225/50R18 99V UG PERF 3 XL FP	1	01/05/2026	6.0	3824	Tyre Only	D			
0030152291	Autotehnica Fleet Services SRL	Bucuresti	AG010098	UU1DJF00076404147	? ?	0030166038	MADYT Autoserv	Buftea, Ilfov	000000000000547064	SAVA	Summer	195/55R16 87H INTENSA HP2	1	04/05/2026	9.0	2625	Tyre Only	D			
0030152291	Autotehnica Fleet Services SRL	Bucuresti	AG010098	UU1DJF00076404147	? ?	0030166038	MADYT Autoserv	Buftea, Ilfov	000000000000547064	SAVA	Summer	195/55R16 87H INTENSA HP2	1	04/05/2026	9.0	2625	Tyre Only	D			
0030152291	Autotehnica Fleet Services SRL	Bucuresti	AG010098	UU1DJF00076404147	? ?	0030166038	MADYT Autoserv	Buftea, Ilfov	000000000000547064	SAVA	Summer	195/55R16 87H INTENSA HP2	1	04/05/2026	9.0	2625	Tyre Only	D	WINTER		
0030152291	Autotehnica Fleet Services SRL	Bucuresti	AG010098	UU1DJF00076404147	? ?	0030166038	MADYT Autoserv	Buftea, Ilfov	000000000000547064	SAVA	Summer	195/55R16 87H INTENSA HP2	1	04/05/2026	9.0	2625	Tyre Only	D			
0030152291	Autotehnica Fleet Services SRL	Bucuresti	B112FJN	TMBEP7NW2N3011689	? N/A	0030166038	MADYT Autoserv	Buftea, Ilfov	000000000000539740	SAVA	Winter	205/55R16 91T ESKIMO S3+ MS	1	04/05/2026	7.0	1824	Tyre Only	D			
0030152291	Autotehnica Fleet Services SRL	Bucuresti	B112FJN	TMBEP7NW2N3011689	? N/A	0030166038	MADYT Autoserv	Buftea, Ilfov	000000000000539740	SAVA	Winter	205/55R16 91T ESKIMO S3+ MS	1	04/05/2026	7.0	1824	Tyre Only	D			
0030152291	Autotehnica Fleet Services SRL	Bucuresti	B112FJN	TMBEP7NW2N3011689	? N/A	0030166038	MADYT Autoserv	Buftea, Ilfov	000000000001583135	BARUM	Winter	205/55R16 91T POLARIS 5	1	04/05/2026	5.0	2521	Tyre Only	D			
0030152291	Autotehnica Fleet Services SRL	Bucuresti	B112FJN	TMBEP7NW2N3011689	? N/A	0030166038	MADYT Autoserv	Buftea, Ilfov	000000000001583135	BARUM	Winter	205/55R16 91T POLARIS 5	1	04/05/2026	5.0	2521	Tyre Only	D			
0030152291	Autotehnica Fleet Services SRL	Bucuresti	B112FJO	TMBEP7NW5N3011279	? N/A	0030166038	MADYT Autoserv	Buftea, Ilfov	000000000001583135	BARUM	Winter	205/55R16 91T POLARIS 5	1	04/05/2026	5.0	2521	Tyre Only	D			
0030152291	Autotehnica Fleet Services SRL	Bucuresti	B112FJO	TMBEP7NW5N3011279	? N/A	0030166038	MADYT Autoserv	Buftea, Ilfov	000000000001583135	BARUM	Winter	205/55R16 91T POLARIS 5	1	04/05/2026	4.0	2521	Tyre Only	D			
0030152291	Autotehnica Fleet Services SRL	Bucuresti	B112FJO	TMBEP7NW5N3011279	? N/A	0030166038	MADYT Autoserv	Buftea, Ilfov	000000000001583135	BARUM	Winter	205/55R16 91T POLARIS 5	1	04/05/2026	5.0	2521	Tyre Only	D			
0030152291	Autotehnica Fleet Services SRL	Bucuresti	B112FJO	TMBEP7NW5N3011279	? N/A	0030166038	MADYT Autoserv	Buftea, Ilfov	000000000001583135	BARUM	Winter	205/55R16 91T POLARIS 5	1	04/05/2026	4.0	2521	Tyre Only	D			
0030152291	Autotehnica Fleet Services SRL	Bucuresti	B117LBI	TMBEP7NW1P3085964	? N/A	0030166038	MADYT Autoserv	Buftea, Ilfov	000000000000526117	SAVA	Winter	205/55R16 91T ESKIMO S3+ MS	1	04/05/2026	6.0	3422	Tyre Only	D			
0030152291	Autotehnica Fleet Services SRL	Bucuresti	B117LBI	TMBEP7NW1P3085964	? N/A	0030166038	MADYT Autoserv	Buftea, Ilfov	000000000000526117	SAVA	Winter	205/55R16 91T ESKIMO S3+ MS	1	04/05/2026	6.0	3422	Tyre Only	D			
0030152291	Autotehnica Fleet Services SRL	Bucuresti	B117LBI	TMBEP7NW1P3085964	? N/A	0030166038	MADYT Autoserv	Buftea, Ilfov	000000000000526117	SAVA	Winter	205/55R16 91T ESKIMO S3+ MS	1	04/05/2026	7.0	3422	Tyre Only	D			
0030152291	Autotehnica Fleet Services SRL	Bucuresti	B117LBI	TMBEP7NW1P3085964	? N/A	0030166038	MADYT Autoserv	Buftea, Ilfov	000000000000526117	SAVA	Winter	205/55R16 91T ESKIMO S3+ MS	1	04/05/2026	6.0	3422	Tyre Only	D			
0030152291	Autotehnica Fleet Services SRL	Bucuresti	B117LBL	TMBEP7NW3P3086064	? N/A	0030166038	MADYT Autoserv	Buftea, Ilfov	000000000000539740	SAVA	Winter	205/55R16 91T ESKIMO S3+ MS	1	04/05/2026	6.0	3422	Tyre Only				
0030152291	Autotehnica Fleet Services SRL	Bucuresti	B117LBL	TMBEP7NW3P3086064	? N/A	0030166038	MADYT Autoserv	Buftea, Ilfov	000000000000539740	SAVA	Winter	205/55R16 91T ESKIMO S3+ MS	1	04/05/2026	7.0	3422	Tyre Only				
0030152291	Autotehnica Fleet Services SRL	Bucuresti	B117LBL	TMBEP7NW3P3086064	? N/A	0030166038	MADYT Autoserv	Buftea, Ilfov	000000000000539740	SAVA	Winter	205/55R16 91T ESKIMO S3+ MS	1	04/05/2026	6.0	3422	Tyre Only				
0030152291	Autotehnica Fleet Services SRL	Bucuresti	B117LBL	TMBEP7NW3P3086064	? N/A	0030166038	MADYT Autoserv	Buftea, Ilfov	000000000000539740	SAVA	Winter	205/55R16 91T ESKIMO S3+ MS	1	04/05/2026	6.0	3422	Tyre Only				
0030152291	Autotehnica Fleet Services SRL	Bucuresti	B117LDG	TMBEP7NWXP3087261	? N/A	0030166038	MADYT Autoserv	Buftea, Ilfov	000000000000526117	SAVA	Winter	205/55R16 91T ESKIMO S3+ MS	1	04/05/2026	6.0	3522	Tyre Only	D			
0030152291	Autotehnica Fleet Services SRL	Bucuresti	B117LDG	TMBEP7NWXP3087261	? N/A	0030166038	MADYT Autoserv	Buftea, Ilfov	000000000000526117	SAVA	Winter	205/55R16 91T ESKIMO S3+ MS	1	04/05/2026	7.0	3522	Tyre Only	D			
0030152291	Autotehnica Fleet Services SRL	Bucuresti	B117LDG	TMBEP7NWXP3087261	? N/A	0030166038	MADYT Autoserv	Buftea, Ilfov	000000000000526117	SAVA	Winter	205/55R16 91T ESKIMO S3+ MS	1	04/05/2026	6.0	3522	Tyre Only	D			
0030152291	Autotehnica Fleet Services SRL	Bucuresti	B117LDG	TMBEP7NWXP3087261	? N/A	0030166038	MADYT Autoserv	Buftea, Ilfov	000000000000526117	SAVA	Winter	205/55R16 91T ESKIMO S3+ MS	1	04/05/2026	6.0	3522	Tyre Only	D			
0030152291	Autotehnica Fleet Services SRL	Bucuresti	B117PVH	VF1RFB00X70465184	? N/A	0030166038	MADYT Autoserv	Buftea, Ilfov	000000000000526117	SAVA	Winter	205/55R16 91T ESKIMO S3+ MS	1	04/05/2026	7.0	3522	Tyre Only	D			
0030152291	Autotehnica Fleet Services SRL	Bucuresti	B117PVH	VF1RFB00X70465184	? N/A	0030166038	MADYT Autoserv	Buftea, Ilfov	000000000000526117	SAVA	Winter	205/55R16 91T ESKIMO S3+ MS	1	04/05/2026	7.0	3522	Tyre Only	D			
0030152291	Autotehnica Fleet Services SRL	Bucuresti	B117PVH	VF1RFB00X70465184	? N/A	0030166038	MADYT Autoserv	Buftea, Ilfov	000000000000526117	SAVA	Winter	205/55R16 91T ESKIMO S3+ MS	1	04/05/2026	6.0	3522	Tyre Only	D			
0030152291	Autotehnica Fleet Services SRL	Bucuresti	B117PVH	VF1RFB00X70465184	? N/A	0030166038	MADYT Autoserv	Buftea, Ilfov	000000000000526117	SAVA	Winter	205/55R16 91T ESKIMO S3+ MS	1	04/05/2026	7.0	3522	Tyre Only	D			
0030152291	Autotehnica Fleet Services SRL	Bucuresti	B117SHT	WVWZZZCD3PW151843	? N/A	0030166038	MADYT Autoserv	Buftea, Ilfov	000000000000526117	SAVA	Winter	205/55R16 91T ESKIMO S3+ MS	1	04/05/2026	7.0	3522	Tyre Only	D			
0030152291	Autotehnica Fleet Services SRL	Bucuresti	B117SHT	WVWZZZCD3PW151843	? N/A	0030166038	MADYT Autoserv	Buftea, Ilfov	000000000000526117	SAVA	Winter	205/55R16 91T ESKIMO S3+ MS	1	04/05/2026	7.0	3522	Tyre Only	D			
0030152291	Autotehnica Fleet Services SRL	Bucuresti	B117SHT	WVWZZZCD3PW151843	? N/A	0030166038	MADYT Autoserv	Buftea, Ilfov	000000000000526117	SAVA	Winter	205/55R16 91T ESKIMO S3+ MS	1	04/05/2026	7.0	3522	Tyre Only	D			
0030152291	Autotehnica Fleet Services SRL	Bucuresti	B117SHT	WVWZZZCD3PW151843	? N/A	0030166038	MADYT Autoserv	Buftea, Ilfov	000000000000526117	SAVA	Winter	205/55R16 91T ESKIMO S3+ MS	1	04/05/2026	7.0	3522	Tyre Only	D			
0030152291	Autotehnica Fleet Services SRL	Bucuresti	B117VKP	TMBEP7NW9P3094699	? N/A	0030166038	MADYT Autoserv	Buftea, Ilfov	000000000000526117	SAVA	Winter	205/55R16 91T ESKIMO S3+ MS	1	04/05/2026	7.0	3522	Tyre Only	D			
0030152291	Autotehnica Fleet Services SRL	Bucuresti	B117VKP	TMBEP7NW9P3094699	? N/A	0030166038	MADYT Autoserv	Buftea, Ilfov	000000000000526117	SAVA	Winter	205/55R16 91T ESKIMO S3+ MS	1	04/05/2026	7.0	3522	Tyre Only	D			
0030152291	Autotehnica Fleet Services SRL	Bucuresti	B117VKP	TMBEP7NW9P3094699	? N/A	0030166038	MADYT Autoserv	Buftea, Ilfov	000000000000526117	SAVA	Winter	205/55R16 91T ESKIMO S3+ MS	1	04/05/2026	7.0	3522	Tyre Only	D			
0030152291	Autotehnica Fleet Services SRL	Bucuresti	B117VKP	TMBEP7NW9P3094699	? N/A	0030166038	MADYT Autoserv	Buftea, Ilfov	000000000000526117	SAVA	Winter	205/55R16 91T ESKIMO S3+ MS	1	04/05/2026	7.0	3522	Tyre Only	D			
0030152291	Autotehnica Fleet Services SRL	Bucuresti	B117VKS	WVWZZZCD3PW024302	? N/A	0030166038	MADYT Autoserv	Buftea, Ilfov	000000000000526117	SAVA	Winter	205/55R16 91T ESKIMO S3+ MS	1	04/05/2026	7.0	3522	Tyre Only	D			
0030152291	Autotehnica Fleet Services SRL	Bucuresti	B117VKS	WVWZZZCD3PW024302	? N/A	0030166038	MADYT Autoserv	Buftea, Ilfov	000000000000526117	SAVA	Winter	205/55R16 91T ESKIMO S3+ MS	1	04/05/2026	7.0	3522	Tyre Only	D			
0030152291	Autotehnica Fleet Services SRL	Bucuresti	B117VKS	WVWZZZCD3PW024302	? N/A	0030166038	MADYT Autoserv	Buftea, Ilfov	000000000000526117	SAVA	Winter	205/55R16 91T ESKIMO S3+ MS	1	04/05/2026	7.0	3522	Tyre Only	D			
0030152291	Autotehnica Fleet Services SRL	Bucuresti	B117VKS	WVWZZZCD3PW024302	? N/A	0030166038	MADYT Autoserv	Buftea, Ilfov	000000000000526117	SAVA	Winter	205/55R16 91T ESKIMO S3+ MS	1	04/05/2026	7.0	3522	Tyre Only	D			
0030152291	Autotehnica Fleet Services SRL	Bucuresti	B117VKV	WVWZZZCD0PW024290	? N/A	0030166038	MADYT Autoserv	Buftea, Ilfov	000000000000526117	SAVA	Winter	205/55R16 91T ESKIMO S3+ MS	1	04/05/2026	7.0	3522	Tyre Only	D			
0030152291	Autotehnica Fleet Services SRL	Bucuresti	B117VKV	WVWZZZCD0PW024290	? N/A	0030166038	MADYT Autoserv	Buftea, Ilfov	000000000000526117	SAVA	Winter	205/55R16 91T ESKIMO S3+ MS	1	04/05/2026	6.0	3522	Tyre Only	D			
0030152291	Autotehnica Fleet Services SRL	Bucuresti	B117VKV	WVWZZZCD0PW024290	? N/A	0030166038	MADYT Autoserv	Buftea, Ilfov	000000000000526117	SAVA	Winter	205/55R16 91T ESKIMO S3+ MS	1	04/05/2026	7.0	3322	Tyre Only	D			
0030152291	Autotehnica Fleet Services SRL	Bucuresti	B117VKV	WVWZZZCD0PW024290	? N/A	0030166038	MADYT Autoserv	Buftea, Ilfov	000000000000526117	SAVA	Winter	205/55R16 91T ESKIMO S3+ MS	1	04/05/2026	6.0	3522	Tyre Only	D			
0030152291	Autotehnica Fleet Services SRL	Bucuresti	B119GIC	TMBER7NW1P3165758	? N/A	0030166038	MADYT Autoserv	Buftea, Ilfov	000000000000526117	SAVA	Winter	205/55R16 91T ESKIMO S3+ MS	1	04/05/2026	6.0	3522	Tyre Only	D			
0030152291	Autotehnica Fleet Services SRL	Bucuresti	B119GIC	TMBER7NW1P3165758	? N/A	0030166038	MADYT Autoserv	Buftea, Ilfov	000000000000526117	SAVA	Winter	205/55R16 91T ESKIMO S3+ MS	1	04/05/2026	6.0	3522	Tyre Only	D			
0030152291	Autotehnica Fleet Services SRL	Bucuresti	B119GIC	TMBER7NW1P3165758	? N/A	0030166038	MADYT Autoserv	Buftea, Ilfov	000000000000526117	SAVA	Winter	205/55R16 91T ESKIMO S3+ MS	1	04/05/2026	6.0	3522	Tyre Only	D			
0030152291	Autotehnica Fleet Services SRL	Bucuresti	B119GIC	TMBER7NW1P3165758	? N/A	0030166038	MADYT Autoserv	Buftea, Ilfov	000000000000526117	SAVA	Winter	205/55R16 91T ESKIMO S3+ MS	1	04/05/2026	6.0	3522	Tyre Only	D			
0030042972	ARVAL SERVICE LEASE ROMANIA SRL	Bucuresti	B167FRO	JTNABACB20J037493	TOYOTA COROLLA CROSS	0030166038	MADYT Autoserv	Buftea, Ilfov	000000000000580738	GOODYEAR	Winter	225/50R18 99V UG PERF 3 XL FP	1	04/05/2026	8.0	2724	Tyre Only	D			
0030042972	ARVAL SERVICE LEASE ROMANIA SRL	Bucuresti	B167FRO	JTNABACB20J037493	TOYOTA COROLLA CROSS	0030166038	MADYT Autoserv	Buftea, Ilfov	000000000000580738	GOODYEAR	Winter	225/50R18 99V UG PERF 3 XL FP	1	04/05/2026	8.0	3824	Tyre Only	D			
0030042972	ARVAL SERVICE LEASE ROMANIA SRL	Bucuresti	B167FRO	JTNABACB20J037493	TOYOTA COROLLA CROSS	0030166038	MADYT Autoserv	Buftea, Ilfov	000000000000580738	GOODYEAR	Winter	225/50R18 99V UG PERF 3 XL FP	1	04/05/2026	8.0	3824	Tyre Only	D			
0030042972	ARVAL SERVICE LEASE ROMANIA SRL	Bucuresti	B167FRO	JTNABACB20J037493	TOYOTA COROLLA CROSS	0030166038	MADYT Autoserv	Buftea, Ilfov	000000000000580738	GOODYEAR	Winter	225/50R18 99V UG PERF 3 XL FP	1	04/05/2026	8.0	2724	Tyre Only	D			
0030042972	ARVAL SERVICE LEASE ROMANIA SRL	Bucuresti	B177FRO	WVGZZZCT7SW518495	VOLKSWAGEN TIGUAN	0030166038	MADYT Autoserv	Buftea, Ilfov	000000000000574239	GOODYEAR	Winter	255/45R19 104V UG PERF + XL FP	1	04/05/2026	7.0	4024	Tyre Only	D			
0030042972	ARVAL SERVICE LEASE ROMANIA SRL	Bucuresti	B177FRO	WVGZZZCT7SW518495	VOLKSWAGEN TIGUAN	0030166038	MADYT Autoserv	Buftea, Ilfov	000000000000574239	GOODYEAR	Winter	255/45R19 104V UG PERF + XL FP	1	04/05/2026	7.0	4024	Tyre Only	D			
0030042972	ARVAL SERVICE LEASE ROMANIA SRL	Bucuresti	B177FRO	WVGZZZCT7SW518495	VOLKSWAGEN TIGUAN	0030166038	MADYT Autoserv	Buftea, Ilfov	000000000000574239	GOODYEAR	Winter	255/45R19 104V UG PERF + XL FP	1	04/05/2026	7.0	3924	Tyre Only	D			
0030042972	ARVAL SERVICE LEASE ROMANIA SRL	Bucuresti	B177FRO	WVGZZZCT7SW518495	VOLKSWAGEN TIGUAN	0030166038	MADYT Autoserv	Buftea, Ilfov	000000000000574239	GOODYEAR	Winter	255/45R19 104V UG PERF + XL FP	1	04/05/2026	7.0	3924	Tyre Only	D			
0030042972	ARVAL SERVICE LEASE ROMANIA SRL	Bucuresti	B180FRO	WBA31GV030CU23615	BMW SERIES 5 WAGON	0030166038	MADYT Autoserv	Buftea, Ilfov	000000000003112895	PIRELLI	Winter	245/45R19 102H P ZERO WINTER * MO XL	1	04/05/2026	7.0	2923	Tyre Only	D	LIPSA PREZON STANGA SPATE		
0030042972	ARVAL SERVICE LEASE ROMANIA SRL	Bucuresti	B180FRO	WBA31GV030CU23615	BMW SERIES 5 WAGON	0030166038	MADYT Autoserv	Buftea, Ilfov	000000000003112895	PIRELLI	Winter	245/45R19 102H P ZERO WINTER * MO XL	1	04/05/2026	7.0	2923	Tyre Only	D			
0030042972	ARVAL SERVICE LEASE ROMANIA SRL	Bucuresti	B180FRO	WBA31GV030CU23615	BMW SERIES 5 WAGON	0030166038	MADYT Autoserv	Buftea, Ilfov	000000000003112895	PIRELLI	Winter	245/45R19 102H P ZERO WINTER * MO XL	1	04/05/2026	7.0	3524	Tyre Only	D			
0030042972	ARVAL SERVICE LEASE ROMANIA SRL	Bucuresti	B180FRO	WBA31GV030CU23615	BMW SERIES 5 WAGON	0030166038	MADYT Autoserv	Buftea, Ilfov	000000000003112895	PIRELLI	Winter	245/45R19 102H P ZERO WINTER * MO XL	1	04/05/2026	7.0	3524	Tyre Only	D			
0030042972	ARVAL SERVICE LEASE ROMANIA SRL	Bucuresti	B186FRO	JTDKBABB90A558947	TOYOTA YARIS CROSS	0030166038	MADYT Autoserv	Buftea, Ilfov	000000000001577387	PIRELLI	Winter	205/65R16 95H W. SOTTOZERO 3 MO	1	04/05/2026	7.0	3625	Tyre Only	D			
0030042972	ARVAL SERVICE LEASE ROMANIA SRL	Bucuresti	B186FRO	JTDKBABB90A558947	TOYOTA YARIS CROSS	0030166038	MADYT Autoserv	Buftea, Ilfov	000000000001577387	PIRELLI	Winter	205/65R16 95H W. SOTTOZERO 3 MO	1	04/05/2026	8.0	3625	Tyre Only	D			
0030042972	ARVAL SERVICE LEASE ROMANIA SRL	Bucuresti	B186FRO	JTDKBABB90A558947	TOYOTA YARIS CROSS	0030166038	MADYT Autoserv	Buftea, Ilfov	000000000001577387	PIRELLI	Winter	205/65R16 95H W. SOTTOZERO 3 MO	1	04/05/2026	8.0	3625	Tyre Only	D			
0030042972	ARVAL SERVICE LEASE ROMANIA SRL	Bucuresti	B186FRO	JTDKBABB90A558947	TOYOTA YARIS CROSS	0030166038	MADYT Autoserv	Buftea, Ilfov	000000000001577387	PIRELLI	Winter	205/65R16 95H W. SOTTOZERO 3 MO	1	04/05/2026	8.0	3625	Tyre Only	D			
0030042972	ARVAL SERVICE LEASE ROMANIA SRL	Bucuresti	B200FRO	WBA31GV010CT58604	BMW SERIES 5 WAGON	0030166038	MADYT Autoserv	Buftea, Ilfov	000000000003114214	PIRELLI	Winter	245/40R20 99V P ZERO WINTER * MO XL	1	04/05/2026	8.0	1125	Tyre Only	D			
0030042972	ARVAL SERVICE LEASE ROMANIA SRL	Bucuresti	B200FRO	WBA31GV010CT58604	BMW SERIES 5 WAGON	0030166038	MADYT Autoserv	Buftea, Ilfov	000000000003114215	PIRELLI	Winter	275/35R20 102V P ZERO WINTER * MO XL	1	04/05/2026	7.0	5023	Tyre Only				
0030042972	ARVAL SERVICE LEASE ROMANIA SRL	Bucuresti	B200FRO	WBA31GV010CT58604	BMW SERIES 5 WAGON	0030166038	MADYT Autoserv	Buftea, Ilfov	000000000003114215	PIRELLI	Winter	275/35R20 102V P ZERO WINTER * MO XL	1	04/05/2026	7.0	3723	Tyre Only				
0030042972	ARVAL SERVICE LEASE ROMANIA SRL	Bucuresti	B200FRO	WBA31GV010CT58604	BMW SERIES 5 WAGON	0030166038	MADYT Autoserv	Buftea, Ilfov	000000000003114214	PIRELLI	Winter	245/40R20 99V P ZERO WINTER * MO XL	1	04/05/2026	7.0	3423	Tyre Only	D			
0030042972	ARVAL SERVICE LEASE ROMANIA SRL	Bucuresti	B252FRO	JTDKBABB60A381368	TOYOTA YARIS CROSS	0030166038	MADYT Autoserv	Buftea, Ilfov	000000000000577604	GOODYEAR	Winter	205/65R16 95H UG 8 PERFORMANCE MS	1	04/05/2026	7.0	3823	Tyre Only	D			
0030042972	ARVAL SERVICE LEASE ROMANIA SRL	Bucuresti	B252FRO	JTDKBABB60A381368	TOYOTA YARIS CROSS	0030166038	MADYT Autoserv	Buftea, Ilfov	000000000000577604	GOODYEAR	Winter	205/65R16 95H UG 8 PERFORMANCE MS	1	04/05/2026	7.0	3823	Tyre Only	D			
0030042972	ARVAL SERVICE LEASE ROMANIA SRL	Bucuresti	B252FRO	JTDKBABB60A381368	TOYOTA YARIS CROSS	0030166038	MADYT Autoserv	Buftea, Ilfov	000000000000577604	GOODYEAR	Winter	205/65R16 95H UG 8 PERFORMANCE MS	1	04/05/2026	7.0	3823	Tyre Only	D			
0030042972	ARVAL SERVICE LEASE ROMANIA SRL	Bucuresti	B252FRO	JTDKBABB60A381368	TOYOTA YARIS CROSS	0030166038	MADYT Autoserv	Buftea, Ilfov	000000000000577604	GOODYEAR	Winter	205/65R16 95H UG 8 PERFORMANCE MS	1	04/05/2026	7.0	4223	Tyre Only	D			
0030042972	ARVAL SERVICE LEASE ROMANIA SRL	Bucuresti	B255FRO	JTDKBABB00A389370	TOYOTA YARIS CROSS	0030166038	MADYT Autoserv	Buftea, Ilfov	000000000000577604	GOODYEAR	Winter	205/65R16 95H UG 8 PERFORMANCE MS	1	04/05/2026	6.0	4223	Tyre Only	D			
0030042972	ARVAL SERVICE LEASE ROMANIA SRL	Bucuresti	B255FRO	JTDKBABB00A389370	TOYOTA YARIS CROSS	0030166038	MADYT Autoserv	Buftea, Ilfov	000000000000577604	GOODYEAR	Winter	205/65R16 95H UG 8 PERFORMANCE MS	1	04/05/2026	6.0	4223	Tyre Only	D			
0030042972	ARVAL SERVICE LEASE ROMANIA SRL	Bucuresti	B255FRO	JTDKBABB00A389370	TOYOTA YARIS CROSS	0030166038	MADYT Autoserv	Buftea, Ilfov	000000000000577604	GOODYEAR	Winter	205/65R16 95H UG 8 PERFORMANCE MS	1	04/05/2026	6.0	3723	Tyre Only	D			
0030042972	ARVAL SERVICE LEASE ROMANIA SRL	Bucuresti	B255FRO	JTDKBABB00A389370	TOYOTA YARIS CROSS	0030166038	MADYT Autoserv	Buftea, Ilfov	000000000000577604	GOODYEAR	Winter	205/65R16 95H UG 8 PERFORMANCE MS	1	04/05/2026	6.0	3723	Tyre Only	D			
0030042972	ARVAL SERVICE LEASE ROMANIA SRL	Bucuresti	B259FRO	JTDKBABB20A387233	TOYOTA YARIS CROSS	0030166038	MADYT Autoserv	Buftea, Ilfov	000000000003114455	NOKIAN	Winter	205/65R16 95H SNOWPROOF 1	1	04/05/2026	6.0	1723	Tyre Only	D			
0030042972	ARVAL SERVICE LEASE ROMANIA SRL	Bucuresti	B259FRO	JTDKBABB20A387233	TOYOTA YARIS CROSS	0030166038	MADYT Autoserv	Buftea, Ilfov	000000000003114455	NOKIAN	Winter	205/65R16 95H SNOWPROOF 1	1	04/05/2026	6.0	1723	Tyre Only	D			
0030042972	ARVAL SERVICE LEASE ROMANIA SRL	Bucuresti	B259FRO	JTDKBABB20A387233	TOYOTA YARIS CROSS	0030166038	MADYT Autoserv	Buftea, Ilfov	000000000003114455	NOKIAN	Winter	205/65R16 95H SNOWPROOF 1	1	04/05/2026	7.0	1723	Tyre Only	D			
0030042972	ARVAL SERVICE LEASE ROMANIA SRL	Bucuresti	B259FRO	JTDKBABB20A387233	TOYOTA YARIS CROSS	0030166038	MADYT Autoserv	Buftea, Ilfov	000000000003114455	NOKIAN	Winter	205/65R16 95H SNOWPROOF 1	1	04/05/2026	7.0	1723	Tyre Only	D			
0030042972	ARVAL SERVICE LEASE ROMANIA SRL	Bucuresti	B260FRO	JTDKBABB40A389985	TOYOTA YARIS CROSS	0030166038	MADYT Autoserv	Buftea, Ilfov	000000000000577604	GOODYEAR	Winter	205/65R16 95H UG 8 PERFORMANCE MS	1	04/05/2026	6.0	3723	Tyre Only	D			
0030042972	ARVAL SERVICE LEASE ROMANIA SRL	Bucuresti	B260FRO	JTDKBABB40A389985	TOYOTA YARIS CROSS	0030166038	MADYT Autoserv	Buftea, Ilfov	000000000000577604	GOODYEAR	Winter	205/65R16 95H UG 8 PERFORMANCE MS	1	04/05/2026	6.0	3723	Tyre Only	D			
0030042972	ARVAL SERVICE LEASE ROMANIA SRL	Bucuresti	B260FRO	JTDKBABB40A389985	TOYOTA YARIS CROSS	0030166038	MADYT Autoserv	Buftea, Ilfov	000000000000577604	GOODYEAR	Winter	205/65R16 95H UG 8 PERFORMANCE MS	1	04/05/2026	6.0	3723	Tyre Only	D			
0030042972	ARVAL SERVICE LEASE ROMANIA SRL	Bucuresti	B260FRO	JTDKBABB40A389985	TOYOTA YARIS CROSS	0030166038	MADYT Autoserv	Buftea, Ilfov	000000000000577604	GOODYEAR	Winter	205/65R16 95H UG 8 PERFORMANCE MS	1	04/05/2026	6.0	3723	Tyre Only	D			
0030042972	ARVAL SERVICE LEASE ROMANIA SRL	Bucuresti	B264FRO	JTDKBABB70A386949	TOYOTA YARIS CROSS	0030166038	MADYT Autoserv	Buftea, Ilfov	000000000000577604	GOODYEAR	Winter	205/65R16 95H UG 8 PERFORMANCE MS	1	04/05/2026	7.0	3723	Tyre Only	D			
0030042972	ARVAL SERVICE LEASE ROMANIA SRL	Bucuresti	B264FRO	JTDKBABB70A386949	TOYOTA YARIS CROSS	0030166038	MADYT Autoserv	Buftea, Ilfov	000000000000577604	GOODYEAR	Winter	205/65R16 95H UG 8 PERFORMANCE MS	1	04/05/2026	7.0	3723	Tyre Only	D			
0030042972	ARVAL SERVICE LEASE ROMANIA SRL	Bucuresti	B264FRO	JTDKBABB70A386949	TOYOTA YARIS CROSS	0030166038	MADYT Autoserv	Buftea, Ilfov	000000000000577604	GOODYEAR	Winter	205/65R16 95H UG 8 PERFORMANCE MS	1	04/05/2026	7.0	3723	Tyre Only	D			
0030042972	ARVAL SERVICE LEASE ROMANIA SRL	Bucuresti	B264FRO	JTDKBABB70A386949	TOYOTA YARIS CROSS	0030166038	MADYT Autoserv	Buftea, Ilfov	000000000000577604	GOODYEAR	Winter	205/65R16 95H UG 8 PERFORMANCE MS	1	04/05/2026	7.0	3723	Tyre Only	D			
0030152291	Autotehnica Fleet Services SRL	Bucuresti	B436SEA	WVWZZZCD7PW024786	? N/A	0030166038	MADYT Autoserv	Buftea, Ilfov	000000000000526117	SAVA	Winter	205/55R16 91T ESKIMO S3+ MS	1	04/05/2026	7.0	3522	Tyre Only	D			
0030152291	Autotehnica Fleet Services SRL	Bucuresti	B436SEA	WVWZZZCD7PW024786	? N/A	0030166038	MADYT Autoserv	Buftea, Ilfov	000000000000526117	SAVA	Winter	205/55R16 91T ESKIMO S3+ MS	1	04/05/2026	7.0	3522	Tyre Only	D			
0030152291	Autotehnica Fleet Services SRL	Bucuresti	B436SEA	WVWZZZCD7PW024786	? N/A	0030166038	MADYT Autoserv	Buftea, Ilfov	000000000000526117	SAVA	Winter	205/55R16 91T ESKIMO S3+ MS	1	04/05/2026	7.0	3522	Tyre Only	D			
0030152291	Autotehnica Fleet Services SRL	Bucuresti	B436SEA	WVWZZZCD7PW024786	? N/A	0030166038	MADYT Autoserv	Buftea, Ilfov	000000000000526117	SAVA	Winter	205/55R16 91T ESKIMO S3+ MS	1	04/05/2026	7.0	3522	Tyre Only	D			
0030152291	Autotehnica Fleet Services SRL	Bucuresti	B572ALS	TMBEP7NWXP3081363	? N/A	0030166038	MADYT Autoserv	Buftea, Ilfov	000000000000526117	SAVA	Winter	205/55R16 91T ESKIMO S3+ MS	1	04/05/2026	6.0	3422	Tyre Only	D			
0030152291	Autotehnica Fleet Services SRL	Bucuresti	B572ALS	TMBEP7NWXP3081363	? N/A	0030166038	MADYT Autoserv	Buftea, Ilfov	000000000000526117	SAVA	Winter	205/55R16 91T ESKIMO S3+ MS	1	04/05/2026	6.0	3422	Tyre Only	D			
0030152291	Autotehnica Fleet Services SRL	Bucuresti	B572ALS	TMBEP7NWXP3081363	? N/A	0030166038	MADYT Autoserv	Buftea, Ilfov	000000000000526117	SAVA	Winter	205/55R16 91T ESKIMO S3+ MS	1	04/05/2026	6.0	3422	Tyre Only	D			
0030152291	Autotehnica Fleet Services SRL	Bucuresti	B572ALS	TMBEP7NWXP3081363	? N/A	0030166038	MADYT Autoserv	Buftea, Ilfov	000000000000526117	SAVA	Winter	205/55R16 91T ESKIMO S3+ MS	1	04/05/2026	7.0	3422	Tyre Only	D			
0030152291	Autotehnica Fleet Services SRL	Bucuresti	B133AJB	VF1MB000372797627	? N/A	0030166038	MADYT Autoserv	Buftea, Ilfov	000000000000598803	DUNLOP	Winter	195/75R16C 110/108R ECONODRIVE WINTER	1	05/05/2026	7.0	3825	Tyre Only	D			
0030152291	Autotehnica Fleet Services SRL	Bucuresti	B133AJB	VF1MB000372797627	? N/A	0030166038	MADYT Autoserv	Buftea, Ilfov	000000000000598803	DUNLOP	Winter	195/75R16C 110/108R ECONODRIVE WINTER	1	05/05/2026	7.0	3825	Tyre Only	D			
0030152291	Autotehnica Fleet Services SRL	Bucuresti	B133AJB	VF1MB000372797627	? N/A	0030166038	MADYT Autoserv	Buftea, Ilfov	000000000000598803	DUNLOP	Winter	195/75R16C 110/108R ECONODRIVE WINTER	1	05/05/2026	5.0	3825	Tyre Only	D			
0030152291	Autotehnica Fleet Services SRL	Bucuresti	B133AJB	VF1MB000372797627	? N/A	0030166038	MADYT Autoserv	Buftea, Ilfov	000000000000598803	DUNLOP	Winter	195/75R16C 110/108R ECONODRIVE WINTER	1	05/05/2026	5.0	3825	Tyre Only	D			
0030152291	Autotehnica Fleet Services SRL	Bucuresti	B133AJB	VF1MB000372797627	? N/A	0030166038	MADYT Autoserv	Buftea, Ilfov	000000000000598803	DUNLOP	Winter	195/75R16C 110/108R ECONODRIVE WINTER	1	05/05/2026	5.0	3825	Tyre Only	D			
0030152291	Autotehnica Fleet Services SRL	Bucuresti	B133AJB	VF1MB000372797627	? N/A	0030166038	MADYT Autoserv	Buftea, Ilfov	000000000000598803	DUNLOP	Winter	195/75R16C 110/108R ECONODRIVE WINTER	1	05/05/2026	5.0	3825	Tyre Only	D			
0030152291	Autotehnica Fleet Services SRL	Bucuresti	B182AJB	AHTBB3CD401794999	? N/A	0030166038	MADYT Autoserv	Buftea, Ilfov	000000000000581409	DUNLOP	Winter	265/60R18 114H WINTER SPT 5 SUV XL	1	05/05/2026	5.0	4125	Tyre Only	D			
0030152291	Autotehnica Fleet Services SRL	Bucuresti	B182AJB	AHTBB3CD401794999	? N/A	0030166038	MADYT Autoserv	Buftea, Ilfov	000000000000581409	DUNLOP	Winter	265/60R18 114H WINTER SPT 5 SUV XL	1	05/05/2026	7.0	4125	Tyre Only	D			
0030152291	Autotehnica Fleet Services SRL	Bucuresti	B182AJB	AHTBB3CD401794999	? N/A	0030166038	MADYT Autoserv	Buftea, Ilfov	000000000000581409	DUNLOP	Winter	265/60R18 114H WINTER SPT 5 SUV XL	1	05/05/2026	7.0	4125	Tyre Only	D			
0030152291	Autotehnica Fleet Services SRL	Bucuresti	B182AJB	AHTBB3CD401794999	? N/A	0030166038	MADYT Autoserv	Buftea, Ilfov	000000000000581409	DUNLOP	Winter	265/60R18 114H WINTER SPT 5 SUV XL	1	05/05/2026	7.0	4125	Tyre Only	D			
0030152291	Autotehnica Fleet Services SRL	Bucuresti	B231AJB	JTMD63FV80D166201	? N/A	0030166038	MADYT Autoserv	Buftea, Ilfov	000000000000581418	DUNLOP	Winter	225/60R18 104V WINTER SPT 5 SUV XL	1	05/05/2026	6.0	4125	Tyre Only	D			
0030152291	Autotehnica Fleet Services SRL	Bucuresti	B231AJB	JTMD63FV80D166201	? N/A	0030166038	MADYT Autoserv	Buftea, Ilfov	000000000000581418	DUNLOP	Winter	225/60R18 104V WINTER SPT 5 SUV XL	1	05/05/2026	7.0	4125	Tyre Only	D			
0030152291	Autotehnica Fleet Services SRL	Bucuresti	B231AJB	JTMD63FV80D166201	? N/A	0030166038	MADYT Autoserv	Buftea, Ilfov	000000000000581418	DUNLOP	Winter	225/60R18 104V WINTER SPT 5 SUV XL	1	05/05/2026	6.0	4125	Tyre Only	D			
0030152291	Autotehnica Fleet Services SRL	Bucuresti	B231AJB	JTMD63FV80D166201	? N/A	0030166038	MADYT Autoserv	Buftea, Ilfov	000000000000581418	DUNLOP	Winter	225/60R18 104V WINTER SPT 5 SUV XL	1	05/05/2026	7.0	4125	Tyre Only	D			
0030042972	ARVAL SERVICE LEASE ROMANIA SRL	Bucuresti	B242FRO	JTNABACB80J032587	TOYOTA COROLLA CROSS	0030166038	MADYT Autoserv	Buftea, Ilfov	000000000000580738	GOODYEAR	Winter	225/50R18 99V UG PERF 3 XL FP	1	05/05/2026	8.0	2724	Tyre Only	D			
0030042972	ARVAL SERVICE LEASE ROMANIA SRL	Bucuresti	B242FRO	JTNABACB80J032587	TOYOTA COROLLA CROSS	0030166038	MADYT Autoserv	Buftea, Ilfov	000000000000580738	GOODYEAR	Winter	225/50R18 99V UG PERF 3 XL FP	1	05/05/2026	8.0	3824	Tyre Only	D			
0030042972	ARVAL SERVICE LEASE ROMANIA SRL	Bucuresti	B242FRO	JTNABACB80J032587	TOYOTA COROLLA CROSS	0030166038	MADYT Autoserv	Buftea, Ilfov	000000000000580738	GOODYEAR	Winter	225/50R18 99V UG PERF 3 XL FP	1	05/05/2026	8.0	3824	Tyre Only	D			
0030042972	ARVAL SERVICE LEASE ROMANIA SRL	Bucuresti	B242FRO	JTNABACB80J032587	TOYOTA COROLLA CROSS	0030166038	MADYT Autoserv	Buftea, Ilfov	000000000000580738	GOODYEAR	Winter	225/50R18 99V UG PERF 3 XL FP	1	05/05/2026	7.0	3824	Tyre Only	D			
0030042972	ARVAL SERVICE LEASE ROMANIA SRL	Bucuresti	B168FRO	JTNABACB80J037160	TOYOTA COROLLA CROSS	0030166038	MADYT Autoserv	Buftea, Ilfov	000000000000580738	GOODYEAR	Winter	225/50R18 99V UG PERF 3 XL FP	1	06/05/2026	8.0	2724	Tyre Only	D			
0030042972	ARVAL SERVICE LEASE ROMANIA SRL	Bucuresti	B168FRO	JTNABACB80J037160	TOYOTA COROLLA CROSS	0030166038	MADYT Autoserv	Buftea, Ilfov	000000000000580738	GOODYEAR	Winter	225/50R18 99V UG PERF 3 XL FP	1	06/05/2026	8.0	2724	Tyre Only	D			
0030042972	ARVAL SERVICE LEASE ROMANIA SRL	Bucuresti	B168FRO	JTNABACB80J037160	TOYOTA COROLLA CROSS	0030166038	MADYT Autoserv	Buftea, Ilfov	000000000000580738	GOODYEAR	Winter	225/50R18 99V UG PERF 3 XL FP	1	06/05/2026	8.0	2724	Tyre Only	D			
0030042972	ARVAL SERVICE LEASE ROMANIA SRL	Bucuresti	B168FRO	JTNABACB80J037160	TOYOTA COROLLA CROSS	0030166038	MADYT Autoserv	Buftea, Ilfov	000000000000580738	GOODYEAR	Winter	225/50R18 99V UG PERF 3 XL FP	1	06/05/2026	8.0	2724	Tyre Only	D			
0030152291	Autotehnica Fleet Services SRL	Bucuresti	B114ZCL	WAUZZZF3XN1122060	? N/A	0030166038	MADYT Autoserv	Buftea, Ilfov	000000000003109783	FALKEN	Winter	215/65R17 103V EUROWINTER HS02 XL	1	07/05/2026	7.0	3822	Tyre Only	D			
0030152291	Autotehnica Fleet Services SRL	Bucuresti	B114ZCL	WAUZZZF3XN1122060	? N/A	0030166038	MADYT Autoserv	Buftea, Ilfov	000000000003109783	FALKEN	Winter	215/65R17 103V EUROWINTER HS02 XL	1	07/05/2026	7.0	3822	Tyre Only	D			
0030152291	Autotehnica Fleet Services SRL	Bucuresti	B114ZCL	WAUZZZF3XN1122060	? N/A	0030166038	MADYT Autoserv	Buftea, Ilfov	000000000003109783	FALKEN	Winter	215/65R17 103V EUROWINTER HS02 XL	1	07/05/2026	7.0	3822	Tyre Only	D			
0030152291	Autotehnica Fleet Services SRL	Bucuresti	B114ZCL	WAUZZZF3XN1122060	? N/A	0030166038	MADYT Autoserv	Buftea, Ilfov	000000000003109783	FALKEN	Winter	215/65R17 103V EUROWINTER HS02 XL	1	07/05/2026	7.0	3822	Tyre Only	D			
0030152291	Autotehnica Fleet Services SRL	Bucuresti	B115ZFL	WF0JXXGAHJNT27655	? N/A	0030166038	MADYT Autoserv	Buftea, Ilfov	000000000000581358	FULDA	Winter	205/45R17 88V KRI CONTROL HP 2 XL FP	1	07/05/2026	7.0	3522	Tyre Only				
0030152291	Autotehnica Fleet Services SRL	Bucuresti	B115ZFL	WF0JXXGAHJNT27655	? N/A	0030166038	MADYT Autoserv	Buftea, Ilfov	000000000000581358	FULDA	Winter	205/45R17 88V KRI CONTROL HP 2 XL FP	1	07/05/2026	7.0	3622	Tyre Only				
0030152291	Autotehnica Fleet Services SRL	Bucuresti	B115ZFL	WF0JXXGAHJNT27655	? N/A	0030166038	MADYT Autoserv	Buftea, Ilfov	000000000000581358	FULDA	Winter	205/45R17 88V KRI CONTROL HP 2 XL FP	1	07/05/2026	6.0	3622	Tyre Only				
0030152291	Autotehnica Fleet Services SRL	Bucuresti	B115ZFL	WF0JXXGAHJNT27655	? N/A	0030166038	MADYT Autoserv	Buftea, Ilfov	000000000000581358	FULDA	Winter	205/45R17 88V KRI CONTROL HP 2 XL FP	1	07/05/2026	7.0	3522	Tyre Only				
0030152291	Autotehnica Fleet Services SRL	Bucuresti	B120ETX	VF1HJD40672047872	? N/A	0030166038	MADYT Autoserv	Buftea, Ilfov	000000000000539227	DEBICA	Winter	215/65R16 98H FRIGO HP 2	1	07/05/2026	7.0	4723	Tyre Only	D			
0030152291	Autotehnica Fleet Services SRL	Bucuresti	B120ETX	VF1HJD40672047872	? N/A	0030166038	MADYT Autoserv	Buftea, Ilfov	000000000000539227	DEBICA	Winter	215/65R16 98H FRIGO HP 2	1	07/05/2026	7.0	4723	Tyre Only	D			
0030152291	Autotehnica Fleet Services SRL	Bucuresti	B120ETX	VF1HJD40672047872	? N/A	0030166038	MADYT Autoserv	Buftea, Ilfov	000000000000539227	DEBICA	Winter	215/65R16 98H FRIGO HP 2	1	07/05/2026	7.0	4723	Tyre Only	D			
0030152291	Autotehnica Fleet Services SRL	Bucuresti	B120ETX	VF1HJD40672047872	? N/A	0030166038	MADYT Autoserv	Buftea, Ilfov	000000000000539227	DEBICA	Winter	215/65R16 98H FRIGO HP 2	1	07/05/2026	7.0	4723	Tyre Only	D			
0030152291	Autotehnica Fleet Services SRL	Bucuresti	B120LLR	WVWZZZ3C5RE032031	? N/A	0030166038	MADYT Autoserv	Buftea, Ilfov	000000000000542640	FULDA	Summer	215/60R16 99H ECOCONTROL HP 2 XL	1	07/05/2026	7.0	2423	Tyre Only	D	PREZON RUPT/ S-A LIVRAT IN DATA DE 08.05		
0030152291	Autotehnica Fleet Services SRL	Bucuresti	B120LLR	WVWZZZ3C5RE032031	? N/A	0030166038	MADYT Autoserv	Buftea, Ilfov	000000000000542640	FULDA	Summer	215/60R16 99H ECOCONTROL HP 2 XL	1	07/05/2026	7.0	2423	Tyre Only	D	WINTER		
0030152291	Autotehnica Fleet Services SRL	Bucuresti	B120LLR	WVWZZZ3C5RE032031	? N/A	0030166038	MADYT Autoserv	Buftea, Ilfov	000000000000542640	FULDA	Summer	215/60R16 99H ECOCONTROL HP 2 XL	1	07/05/2026	6.0	2423	Tyre Only	D			
0030152291	Autotehnica Fleet Services SRL	Bucuresti	B120LLR	WVWZZZ3C5RE032031	? N/A	0030166038	MADYT Autoserv	Buftea, Ilfov	000000000000542640	FULDA	Summer	215/60R16 99H ECOCONTROL HP 2 XL	1	07/05/2026	6.0	2423	Tyre Only	D			
0030152291	Autotehnica Fleet Services SRL	Bucuresti	B120UYH	KPT20A1YSPP407499	? N/A	0030166038	MADYT Autoserv	Buftea, Ilfov	000000000003114293	NEXEN	Winter	205/65R16 95H WINGUARD SPORT 2	1	07/05/2026	6.0	2023	Tyre Only	D			
0030152291	Autotehnica Fleet Services SRL	Bucuresti	B120UYH	KPT20A1YSPP407499	? N/A	0030166038	MADYT Autoserv	Buftea, Ilfov	000000000003114293	NEXEN	Winter	205/65R16 95H WINGUARD SPORT 2	1	07/05/2026	6.0	2023	Tyre Only	D			
0030152291	Autotehnica Fleet Services SRL	Bucuresti	B120UYH	KPT20A1YSPP407499	? N/A	0030166038	MADYT Autoserv	Buftea, Ilfov	000000000003114293	NEXEN	Winter	205/65R16 95H WINGUARD SPORT 2	1	07/05/2026	6.0	2023	Tyre Only	D			
0030152291	Autotehnica Fleet Services SRL	Bucuresti	B120UYH	KPT20A1YSPP407499	? N/A	0030166038	MADYT Autoserv	Buftea, Ilfov	000000000003114293	NEXEN	Winter	205/65R16 95H WINGUARD SPORT 2	1	07/05/2026	6.0	2023	Tyre Only	D			
0030152291	Autotehnica Fleet Services SRL	Bucuresti	B121BIH	WVWZZZ3CXRE043932	? N/A	0030166038	MADYT Autoserv	Buftea, Ilfov	000000000000574271	FULDA	Winter	215/60R16 99H KRI CONTROL HP 2 XL	1	07/05/2026	7.0	2423	Tyre Only	D			
0030152291	Autotehnica Fleet Services SRL	Bucuresti	B121BIH	WVWZZZ3CXRE043932	? N/A	0030166038	MADYT Autoserv	Buftea, Ilfov	000000000000574271	FULDA	Winter	215/60R16 99H KRI CONTROL HP 2 XL	1	07/05/2026	7.0	2423	Tyre Only	D			
0030152291	Autotehnica Fleet Services SRL	Bucuresti	B121BIH	WVWZZZ3CXRE043932	? N/A	0030166038	MADYT Autoserv	Buftea, Ilfov	000000000000574271	FULDA	Winter	215/60R16 99H KRI CONTROL HP 2 XL	1	07/05/2026	8.0	2423	Tyre Only	D			
0030152291	Autotehnica Fleet Services SRL	Bucuresti	B121BIH	WVWZZZ3CXRE043932	? N/A	0030166038	MADYT Autoserv	Buftea, Ilfov	000000000000574271	FULDA	Winter	215/60R16 99H KRI CONTROL HP 2 XL	1	07/05/2026	8.0	2423	Tyre Only	D			
0030152291	Autotehnica Fleet Services SRL	Bucuresti	B137AJB	JTMR63FV60J052933	? N/A	0030166038	MADYT Autoserv	Buftea, Ilfov	000000000000545985	FULDA	Winter	225/65R17 106H KRI CONTROL SUV XL	1	07/05/2026	6.0	0723	Tyre Only	D			
0030152291	Autotehnica Fleet Services SRL	Bucuresti	B137AJB	JTMR63FV60J052933	? N/A	0030166038	MADYT Autoserv	Buftea, Ilfov	000000000000545985	FULDA	Winter	225/65R17 106H KRI CONTROL SUV XL	1	07/05/2026	7.0	3823	Tyre Only	D			
0030152291	Autotehnica Fleet Services SRL	Bucuresti	B137AJB	JTMR63FV60J052933	? N/A	0030166038	MADYT Autoserv	Buftea, Ilfov	000000000000545985	FULDA	Winter	225/65R17 106H KRI CONTROL SUV XL	1	07/05/2026	7.0	3823	Tyre Only	D			
0030152291	Autotehnica Fleet Services SRL	Bucuresti	B137AJB	JTMR63FV60J052933	? N/A	0030166038	MADYT Autoserv	Buftea, Ilfov	000000000000545985	FULDA	Winter	225/65R17 106H KRI CONTROL SUV XL	1	07/05/2026	6.0	0723	Tyre Only	D			
0030152291	Autotehnica Fleet Services SRL	Bucuresti	B162AJB	VF1VB000672918767	? N/A	0030166038	MADYT Autoserv	Buftea, Ilfov	000000000000598803	DUNLOP	Winter	195/75R16C 110/108R ECONODRIVE WINTER	1	07/05/2026	6.0	3825	Tyre Only	D	S-AU MONAT 2COTURI+2 PRELUNGITOARE VALVA		
0030152291	Autotehnica Fleet Services SRL	Bucuresti	B162AJB	VF1VB000672918767	? N/A	0030166038	MADYT Autoserv	Buftea, Ilfov	000000000000598803	DUNLOP	Winter	195/75R16C 110/108R ECONODRIVE WINTER	1	07/05/2026	5.0	2825	Tyre Only	D			
0030152291	Autotehnica Fleet Services SRL	Bucuresti	B162AJB	VF1VB000672918767	? N/A	0030166038	MADYT Autoserv	Buftea, Ilfov	000000000000598803	DUNLOP	Winter	195/75R16C 110/108R ECONODRIVE WINTER	1	07/05/2026	5.0	3825	Tyre Only	D			
0030152291	Autotehnica Fleet Services SRL	Bucuresti	B162AJB	VF1VB000672918767	? N/A	0030166038	MADYT Autoserv	Buftea, Ilfov	000000000000598803	DUNLOP	Winter	195/75R16C 110/108R ECONODRIVE WINTER	1	07/05/2026	5.0	3825	Tyre Only	D			
0030152291	Autotehnica Fleet Services SRL	Bucuresti	B162AJB	VF1VB000672918767	? N/A	0030166038	MADYT Autoserv	Buftea, Ilfov	000000000000598803	DUNLOP	Winter	195/75R16C 110/108R ECONODRIVE WINTER	1	07/05/2026	5.0	3825	Tyre Only	D			
0030152291	Autotehnica Fleet Services SRL	Bucuresti	B162AJB	VF1VB000672918767	? N/A	0030166038	MADYT Autoserv	Buftea, Ilfov	000000000000598803	DUNLOP	Winter	195/75R16C 110/108R ECONODRIVE WINTER	1	07/05/2026	5.0	3325	Tyre Only	D			
0030152291	Autotehnica Fleet Services SRL	Bucuresti	B999YJK	WVGZZZE2ZNP510025	? N/A	0030166038	MADYT Autoserv	Buftea, Ilfov	000000000000583725	GOODYEAR	Winter	235/50R20 104T UG PERF + XL	1	07/05/2026	7.0	3725	Tyre Only	D			
0030152291	Autotehnica Fleet Services SRL	Bucuresti	B999YJK	WVGZZZE2ZNP510025	? N/A	0030166038	MADYT Autoserv	Buftea, Ilfov	000000000000583725	GOODYEAR	Winter	235/50R20 104T UG PERF + XL	1	07/05/2026	7.0	3725	Tyre Only	D			
0030152291	Autotehnica Fleet Services SRL	Bucuresti	B999YJK	WVGZZZE2ZNP510025	? N/A	0030166038	MADYT Autoserv	Buftea, Ilfov	000000000000583724	GOODYEAR	Winter	255/45R20 105T UG PERF + XL FP	1	07/05/2026	7.0	2725	Tyre Only	D			
0030152291	Autotehnica Fleet Services SRL	Bucuresti	B999YJK	WVGZZZE2ZNP510025	? N/A	0030166038	MADYT Autoserv	Buftea, Ilfov	000000000000583724	GOODYEAR	Winter	255/45R20 105T UG PERF + XL FP	1	07/05/2026	7.0	2725	Tyre Only	D			
0030152291	Autotehnica Fleet Services SRL	Bucuresti	B118PLF	KMHLN41EAPU526084	? N/A	0030166038	MADYT Autoserv	Buftea, Ilfov	000000000000526116	SAVA	Winter	195/65R15 91T ESKIMO S3+ MS	1	08/05/2026	6.0	4423	Tyre Only	D			
0030152291	Autotehnica Fleet Services SRL	Bucuresti	B118PLF	KMHLN41EAPU526084	? N/A	0030166038	MADYT Autoserv	Buftea, Ilfov	000000000000526116	SAVA	Winter	195/65R15 91T ESKIMO S3+ MS	1	08/05/2026	5.0	4323	Tyre Only	D			
0030152291	Autotehnica Fleet Services SRL	Bucuresti	B118PLF	KMHLN41EAPU526084	? N/A	0030166038	MADYT Autoserv	Buftea, Ilfov	000000000000526116	SAVA	Winter	195/65R15 91T ESKIMO S3+ MS	1	08/05/2026	6.0	4323	Tyre Only	D			
0030152291	Autotehnica Fleet Services SRL	Bucuresti	B118PLF	KMHLN41EAPU526084	? N/A	0030166038	MADYT Autoserv	Buftea, Ilfov	000000000000526116	SAVA	Winter	195/65R15 91T ESKIMO S3+ MS	1	08/05/2026	7.0	4423	Tyre Only	D			
0030152291	Autotehnica Fleet Services SRL	Bucuresti	B124MJD	NMTBA3BE80R129650	? N/A	0030166038	MADYT Autoserv	Buftea, Ilfov	000000000000539740	SAVA	Winter	205/55R16 91T ESKIMO S3+ MS	1	08/05/2026	7.0	1824	Tyre Only	D			
0030152291	Autotehnica Fleet Services SRL	Bucuresti	B124MJD	NMTBA3BE80R129650	? N/A	0030166038	MADYT Autoserv	Buftea, Ilfov	000000000000539740	SAVA	Winter	205/55R16 91T ESKIMO S3+ MS	1	08/05/2026	7.0	1824	Tyre Only	D			
0030152291	Autotehnica Fleet Services SRL	Bucuresti	B124MJD	NMTBA3BE80R129650	? N/A	0030166038	MADYT Autoserv	Buftea, Ilfov	000000000000539740	SAVA	Winter	205/55R16 91T ESKIMO S3+ MS	1	08/05/2026	7.0	1824	Tyre Only	D			
0030152291	Autotehnica Fleet Services SRL	Bucuresti	B124MJD	NMTBA3BE80R129650	? N/A	0030166038	MADYT Autoserv	Buftea, Ilfov	000000000000539740	SAVA	Winter	205/55R16 91T ESKIMO S3+ MS	1	08/05/2026	7.0	2624	Tyre Only	D			
0030152291	Autotehnica Fleet Services SRL	Bucuresti	B111BPX	WBA71DY010FL43532	? N/A	0030166038	MADYT Autoserv	Buftea, Ilfov	000000000000539242	SAVA	Winter	205/60R16 92H ESKIMO HP 2	1	11/05/2026	6.0	2221	Tyre Only	D			
0030152291	Autotehnica Fleet Services SRL	Bucuresti	B111BPX	WBA71DY010FL43532	? N/A	0030166038	MADYT Autoserv	Buftea, Ilfov	000000000000539242	SAVA	Winter	205/60R16 92H ESKIMO HP 2	1	11/05/2026	6.0	2221	Tyre Only	D			
0030152291	Autotehnica Fleet Services SRL	Bucuresti	B111BPX	WBA71DY010FL43532	? N/A	0030166038	MADYT Autoserv	Buftea, Ilfov	000000000000539242	SAVA	Winter	205/60R16 92H ESKIMO HP 2	1	11/05/2026	6.0	2221	Tyre Only	D			
0030152291	Autotehnica Fleet Services SRL	Bucuresti	B111BPX	WBA71DY010FL43532	? N/A	0030166038	MADYT Autoserv	Buftea, Ilfov	000000000000539242	SAVA	Winter	205/60R16 92H ESKIMO HP 2	1	11/05/2026	6.0	2221	Tyre Only	D			
0030152291	Autotehnica Fleet Services SRL	Bucuresti	B128AJB	VF1MB000672828384	? N/A	0030166038	MADYT Autoserv	Buftea, Ilfov	000000000000598803	DUNLOP	Winter	195/75R16C 110/108R ECONODRIVE WINTER	1	11/05/2026	5.0	3825	Tyre Only	D			
0030152291	Autotehnica Fleet Services SRL	Bucuresti	B128AJB	VF1MB000672828384	? N/A	0030166038	MADYT Autoserv	Buftea, Ilfov	000000000000598803	DUNLOP	Winter	195/75R16C 110/108R ECONODRIVE WINTER	1	11/05/2026	4.0	3825	Tyre Only	D			
0030152291	Autotehnica Fleet Services SRL	Bucuresti	B128AJB	VF1MB000672828384	? N/A	0030166038	MADYT Autoserv	Buftea, Ilfov	000000000000598803	DUNLOP	Winter	195/75R16C 110/108R ECONODRIVE WINTER	1	11/05/2026	4.0	3825	Tyre Only	D			
0030152291	Autotehnica Fleet Services SRL	Bucuresti	B128AJB	VF1MB000672828384	? N/A	0030166038	MADYT Autoserv	Buftea, Ilfov	000000000000598803	DUNLOP	Winter	195/75R16C 110/108R ECONODRIVE WINTER	1	11/05/2026	4.0	3825	Tyre Only	D	S-AU MONTAT 2 PRELUNGITOARE VALVA+2 COTU		
0030152291	Autotehnica Fleet Services SRL	Bucuresti	B128AJB	VF1MB000672828384	? N/A	0030166038	MADYT Autoserv	Buftea, Ilfov	000000000000598803	DUNLOP	Winter	195/75R16C 110/108R ECONODRIVE WINTER	1	11/05/2026	6.0	3825	Tyre Only	D			
0030152291	Autotehnica Fleet Services SRL	Bucuresti	B128AJB	VF1MB000672828384	? N/A	0030166038	MADYT Autoserv	Buftea, Ilfov	000000000000598803	DUNLOP	Winter	195/75R16C 110/108R ECONODRIVE WINTER	1	11/05/2026	4.0	3825	Tyre Only	D			
0030152291	Autotehnica Fleet Services SRL	Bucuresti	B132AJB	VF1MB000872828385	? N/A	0030166038	MADYT Autoserv	Buftea, Ilfov	000000000000571842	SAVA	Winter	195/75R16C 107/105R ESKIMO LT	1	11/05/2026	4.0	2324	Tyre Only	D			
0030152291	Autotehnica Fleet Services SRL	Bucuresti	B132AJB	VF1MB000872828385	? N/A	0030166038	MADYT Autoserv	Buftea, Ilfov	000000000000571842	SAVA	Winter	195/75R16C 107/105R ESKIMO LT	1	11/05/2026	5.0	2324	Tyre Only	D			
0030152291	Autotehnica Fleet Services SRL	Bucuresti	B132AJB	VF1MB000872828385	? N/A	0030166038	MADYT Autoserv	Buftea, Ilfov	000000000000571842	SAVA	Winter	195/75R16C 107/105R ESKIMO LT	1	11/05/2026	4.0	2324	Tyre Only	D			
0030152291	Autotehnica Fleet Services SRL	Bucuresti	B132AJB	VF1MB000872828385	? N/A	0030166038	MADYT Autoserv	Buftea, Ilfov	000000000000571842	SAVA	Winter	195/75R16C 107/105R ESKIMO LT	1	11/05/2026	4.0	2324	Tyre Only	D			
0030152291	Autotehnica Fleet Services SRL	Bucuresti	B132AJB	VF1MB000872828385	? N/A	0030166038	MADYT Autoserv	Buftea, Ilfov	000000000000571842	SAVA	Winter	195/75R16C 107/105R ESKIMO LT	1	11/05/2026	4.0	2424	Tyre Only	D			
0030152291	Autotehnica Fleet Services SRL	Bucuresti	B132AJB	VF1MB000872828385	? N/A	0030166038	MADYT Autoserv	Buftea, Ilfov	000000000000571842	SAVA	Winter	195/75R16C 107/105R ESKIMO LT	1	11/05/2026	4.0	2324	Tyre Only	D			
0030152291	Autotehnica Fleet Services SRL	Bucuresti	B224AJB	YARVKEHZ7RZ084620	? N/A	0030166038	MADYT Autoserv	Buftea, Ilfov	000000000003140683	KUMHO	Winter	225/55R17 101V WP52+ XL	1	12/05/2026	5.0	1925	Tyre Only	D			
0030152291	Autotehnica Fleet Services SRL	Bucuresti	B224AJB	YARVKEHZ7RZ084620	? N/A	0030166038	MADYT Autoserv	Buftea, Ilfov	000000000000532508	SAVA	Winter	225/55R17 101V ESKIMO HP 2 XL	1	12/05/2026	4.0	4524	Tyre Only	D			
0030152291	Autotehnica Fleet Services SRL	Bucuresti	B224AJB	YARVKEHZ7RZ084620	? N/A	0030166038	MADYT Autoserv	Buftea, Ilfov	000000000003140683	KUMHO	Winter	225/55R17 101V WP52+ XL	1	12/05/2026	5.0	1925	Tyre Only	D			
0030042972	ARVAL SERVICE LEASE ROMANIA SRL	Bucuresti	B169FRO	JTNABACB70J037053	TOYOTA COROLLA CROSS	0030166038	MADYT Autoserv	Buftea, Ilfov	000000000000580738	GOODYEAR	Winter	225/50R18 99V UG PERF 3 XL FP	1	13/05/2026	6.0	3824	Tyre Only	D			
0030042972	ARVAL SERVICE LEASE ROMANIA SRL	Bucuresti	B169FRO	JTNABACB70J037053	TOYOTA COROLLA CROSS	0030166038	MADYT Autoserv	Buftea, Ilfov	000000000000580738	GOODYEAR	Winter	225/50R18 99V UG PERF 3 XL FP	1	13/05/2026	6.0	3824	Tyre Only	D			
0030042972	ARVAL SERVICE LEASE ROMANIA SRL	Bucuresti	B169FRO	JTNABACB70J037053	TOYOTA COROLLA CROSS	0030166038	MADYT Autoserv	Buftea, Ilfov	000000000000580738	GOODYEAR	Winter	225/50R18 99V UG PERF 3 XL FP	1	13/05/2026	6.0	3824	Tyre Only	D			
0030042972	ARVAL SERVICE LEASE ROMANIA SRL	Bucuresti	B169FRO	JTNABACB70J037053	TOYOTA COROLLA CROSS	0030166038	MADYT Autoserv	Buftea, Ilfov	000000000000580738	GOODYEAR	Winter	225/50R18 99V UG PERF 3 XL FP	1	13/05/2026	5.0	2724	Tyre Only	D	ANV ARE PANA		
0030042972	ARVAL SERVICE LEASE ROMANIA SRL	Bucuresti	B251FRO	JTDKBABB30A381120	TOYOTA YARIS CROSS	0030166038	MADYT Autoserv	Buftea, Ilfov	000000000000577604	GOODYEAR	Winter	205/65R16 95H UG 8 PERFORMANCE MS	1	13/05/2026	6.0	3823	Tyre Only	D			
0030042972	ARVAL SERVICE LEASE ROMANIA SRL	Bucuresti	B251FRO	JTDKBABB30A381120	TOYOTA YARIS CROSS	0030166038	MADYT Autoserv	Buftea, Ilfov	000000000000577604	GOODYEAR	Winter	205/65R16 95H UG 8 PERFORMANCE MS	1	13/05/2026	5.0	3823	Tyre Only	D			
0030042972	ARVAL SERVICE LEASE ROMANIA SRL	Bucuresti	B251FRO	JTDKBABB30A381120	TOYOTA YARIS CROSS	0030166038	MADYT Autoserv	Buftea, Ilfov	000000000000577604	GOODYEAR	Winter	205/65R16 95H UG 8 PERFORMANCE MS	1	13/05/2026	5.0	4223	Tyre Only	D			
0030042972	ARVAL SERVICE LEASE ROMANIA SRL	Bucuresti	B251FRO	JTDKBABB30A381120	TOYOTA YARIS CROSS	0030166038	MADYT Autoserv	Buftea, Ilfov	000000000000577604	GOODYEAR	Winter	205/65R16 95H UG 8 PERFORMANCE MS	1	13/05/2026	5.0	3823	Tyre Only	D			
0030042972	ARVAL SERVICE LEASE ROMANIA SRL	Bucuresti	B266FRO	JTDKBABB50A386819	TOYOTA YARIS CROSS	0030166038	MADYT Autoserv	Buftea, Ilfov	000000000003114455	NOKIAN	Winter	205/65R16 95H SNOWPROOF 1	1	13/05/2026	5.0	1623	Tyre Only	D			
0030042972	ARVAL SERVICE LEASE ROMANIA SRL	Bucuresti	B266FRO	JTDKBABB50A386819	TOYOTA YARIS CROSS	0030166038	MADYT Autoserv	Buftea, Ilfov	000000000003114455	NOKIAN	Winter	205/65R16 95H SNOWPROOF 1	1	13/05/2026	4.0	1623	Tyre Only	D			
0030042972	ARVAL SERVICE LEASE ROMANIA SRL	Bucuresti	B266FRO	JTDKBABB50A386819	TOYOTA YARIS CROSS	0030166038	MADYT Autoserv	Buftea, Ilfov	000000000003114455	NOKIAN	Winter	205/65R16 95H SNOWPROOF 1	1	13/05/2026	5.0	1623	Tyre Only	D			
0030042972	ARVAL SERVICE LEASE ROMANIA SRL	Bucuresti	B266FRO	JTDKBABB50A386819	TOYOTA YARIS CROSS	0030166038	MADYT Autoserv	Buftea, Ilfov	000000000003114455	NOKIAN	Winter	205/65R16 95H SNOWPROOF 1	1	13/05/2026	3.0	1623	Tyre Only	D	INLOCUIRE ANV		
0030042972	ARVAL SERVICE LEASE ROMANIA SRL	Bucuresti	B116PKD	WVWZZZ3CZPE022812	VOLKSWAGEN PASSAT WAGON	0030166038	MADYT Autoserv	Buftea, Ilfov	000000000003107859	CONTINENTAL	Winter	215/60R16 95H WINTERCONTACT TS 870 CS	1	14/05/2026	8.0	3922	Tyre Only	D	ANV ARE PANA /CHEIA ANTIFURT DISDTRUSA /		
0030042972	ARVAL SERVICE LEASE ROMANIA SRL	Bucuresti	B116PKD	WVWZZZ3CZPE022812	VOLKSWAGEN PASSAT WAGON	0030166038	MADYT Autoserv	Buftea, Ilfov	000000000003107859	CONTINENTAL	Winter	215/60R16 95H WINTERCONTACT TS 870 CS	1	14/05/2026	7.0	3922	Tyre Only	D			
0030042972	ARVAL SERVICE LEASE ROMANIA SRL	Bucuresti	B116PKD	WVWZZZ3CZPE022812	VOLKSWAGEN PASSAT WAGON	0030166038	MADYT Autoserv	Buftea, Ilfov	000000000003107859	CONTINENTAL	Winter	215/60R16 95H WINTERCONTACT TS 870 CS	1	14/05/2026	5.0	3922	Tyre Only	D			
0030042972	ARVAL SERVICE LEASE ROMANIA SRL	Bucuresti	B116PKD	WVWZZZ3CZPE022812	VOLKSWAGEN PASSAT WAGON	0030166038	MADYT Autoserv	Buftea, Ilfov	000000000003107859	CONTINENTAL	Winter	215/60R16 95H WINTERCONTACT TS 870 CS	1	14/05/2026	5.0	3922	Tyre Only	D			
0030152291	Autotehnica Fleet Services SRL	Bucuresti	B121LIM	VF1RJL003UC477241	? N/A	0030166038	MADYT Autoserv	Buftea, Ilfov	000000000000545991	DUNLOP	Winter	215/55R18 99V WINTER SPT 5 SUV XL	1	14/05/2026	7.0	3824	Tyre Only	D			
0030152291	Autotehnica Fleet Services SRL	Bucuresti	B121LIM	VF1RJL003UC477241	? N/A	0030166038	MADYT Autoserv	Buftea, Ilfov	000000000000545991	DUNLOP	Winter	215/55R18 99V WINTER SPT 5 SUV XL	1	14/05/2026	7.0	4024	Tyre Only	D			
0030152291	Autotehnica Fleet Services SRL	Bucuresti	B121LIM	VF1RJL003UC477241	? N/A	0030166038	MADYT Autoserv	Buftea, Ilfov	000000000000545991	DUNLOP	Winter	215/55R18 99V WINTER SPT 5 SUV XL	1	14/05/2026	8.0	4024	Tyre Only	D			
0030152291	Autotehnica Fleet Services SRL	Bucuresti	B121LIM	VF1RJL003UC477241	? N/A	0030166038	MADYT Autoserv	Buftea, Ilfov	000000000000545991	DUNLOP	Winter	215/55R18 99V WINTER SPT 5 SUV XL	1	14/05/2026	7.0	3824	Tyre Only	D			
0030152291	Autotehnica Fleet Services SRL	Bucuresti	B126AJB	VF1MB000172828387	? N/A	0030166038	MADYT Autoserv	Buftea, Ilfov	000000000000571842	SAVA	Winter	195/75R16C 107/105R ESKIMO LT	1	14/05/2026	4.0	2324	Tyre Only	D	S-A MONTAT 1 COT+2PREZOANE+1 PRELUNGITOR		
0030152291	Autotehnica Fleet Services SRL	Bucuresti	B126AJB	VF1MB000172828387	? N/A	0030166038	MADYT Autoserv	Buftea, Ilfov	000000000000571842	SAVA	Winter	195/75R16C 107/105R ESKIMO LT	1	14/05/2026	4.0	2324	Tyre Only	D			
0030152291	Autotehnica Fleet Services SRL	Bucuresti	B126AJB	VF1MB000172828387	? N/A	0030166038	MADYT Autoserv	Buftea, Ilfov	000000000000571842	SAVA	Winter	195/75R16C 107/105R ESKIMO LT	1	14/05/2026	4.0	2324	Tyre Only	D			
0030152291	Autotehnica Fleet Services SRL	Bucuresti	B126AJB	VF1MB000172828387	? N/A	0030166038	MADYT Autoserv	Buftea, Ilfov	000000000000571842	SAVA	Winter	195/75R16C 107/105R ESKIMO LT	1	14/05/2026	4.0	2324	Tyre Only	D			
0030152291	Autotehnica Fleet Services SRL	Bucuresti	B126AJB	VF1MB000172828387	? N/A	0030166038	MADYT Autoserv	Buftea, Ilfov	000000000001618390	BARUM	Winter	195/75R16C 107/105R SNOVANIS 3 8P	1	14/05/2026	8.0	1925	Tyre Only	D			
0030152291	Autotehnica Fleet Services SRL	Bucuresti	B126AJB	VF1MB000172828387	? N/A	0030166038	MADYT Autoserv	Buftea, Ilfov	000000000001618390	BARUM	Winter	195/75R16C 107/105R SNOVANIS 3 8P	1	14/05/2026	8.0	1925	Tyre Only	D			
0030152291	Autotehnica Fleet Services SRL	Bucuresti	B136AJB	JTMR63FV40J053031	? N/A	0030166038	MADYT Autoserv	Buftea, Ilfov	000000000000545985	FULDA	Winter	225/65R17 106H KRI CONTROL SUV XL	1	14/05/2026	6.0	0724	Tyre Only	D			
0030152291	Autotehnica Fleet Services SRL	Bucuresti	B136AJB	JTMR63FV40J053031	? N/A	0030166038	MADYT Autoserv	Buftea, Ilfov	000000000000545985	FULDA	Winter	225/65R17 106H KRI CONTROL SUV XL	1	14/05/2026	7.0	3823	Tyre Only	D			
0030152291	Autotehnica Fleet Services SRL	Bucuresti	B136AJB	JTMR63FV40J053031	? N/A	0030166038	MADYT Autoserv	Buftea, Ilfov	000000000000545985	FULDA	Winter	225/65R17 106H KRI CONTROL SUV XL	1	14/05/2026	7.0	0724	Tyre Only	D			
0030152291	Autotehnica Fleet Services SRL	Bucuresti	B136AJB	JTMR63FV40J053031	? N/A	0030166038	MADYT Autoserv	Buftea, Ilfov	000000000000545985	FULDA	Winter	225/65R17 106H KRI CONTROL SUV XL	1	14/05/2026	7.0	3723	Tyre Only	D			
0030042972	ARVAL SERVICE LEASE ROMANIA SRL	Bucuresti	B158FRO	JTNABACB109007189	TOYOTA COROLLA CROSS	0030166038	MADYT Autoserv	Buftea, Ilfov	000000000003108338	CONTINENTAL	Winter	225/50R18 99V WINTERCONTACT TS870P XL	1	14/05/2026	8.0	3925	Tyre Only	D			
0030042972	ARVAL SERVICE LEASE ROMANIA SRL	Bucuresti	B158FRO	JTNABACB109007189	TOYOTA COROLLA CROSS	0030166038	MADYT Autoserv	Buftea, Ilfov	000000000003108338	CONTINENTAL	Winter	225/50R18 99V WINTERCONTACT TS870P XL	1	14/05/2026	8.0	3725	Tyre Only	D			
0030042972	ARVAL SERVICE LEASE ROMANIA SRL	Bucuresti	B158FRO	JTNABACB109007189	TOYOTA COROLLA CROSS	0030166038	MADYT Autoserv	Buftea, Ilfov	000000000003108338	CONTINENTAL	Winter	225/50R18 99V WINTERCONTACT TS870P XL	1	14/05/2026	8.0	3725	Tyre Only	D			
0030042972	ARVAL SERVICE LEASE ROMANIA SRL	Bucuresti	B158FRO	JTNABACB109007189	TOYOTA COROLLA CROSS	0030166038	MADYT Autoserv	Buftea, Ilfov	000000000003108338	CONTINENTAL	Winter	225/50R18 99V WINTERCONTACT TS870P XL	1	14/05/2026	7.0	3925	Tyre Only	D			
0030042972	ARVAL SERVICE LEASE ROMANIA SRL	Bucuresti	B240FRO	JTDKBABB70A390340	TOYOTA YARIS CROSS	0030166038	MADYT Autoserv	Buftea, Ilfov	000000000000577604	GOODYEAR	Winter	205/65R16 95H UG 8 PERFORMANCE MS	1	14/05/2026	6.0	3723	Tyre Only	D			
0030042972	ARVAL SERVICE LEASE ROMANIA SRL	Bucuresti	B240FRO	JTDKBABB70A390340	TOYOTA YARIS CROSS	0030166038	MADYT Autoserv	Buftea, Ilfov	000000000000577604	GOODYEAR	Winter	205/65R16 95H UG 8 PERFORMANCE MS	1	14/05/2026	6.0	3723	Tyre Only	D			
0030042972	ARVAL SERVICE LEASE ROMANIA SRL	Bucuresti	B240FRO	JTDKBABB70A390340	TOYOTA YARIS CROSS	0030166038	MADYT Autoserv	Buftea, Ilfov	000000000000577604	GOODYEAR	Winter	205/65R16 95H UG 8 PERFORMANCE MS	1	14/05/2026	6.0	3723	Tyre Only	D			
0030042972	ARVAL SERVICE LEASE ROMANIA SRL	Bucuresti	B240FRO	JTDKBABB70A390340	TOYOTA YARIS CROSS	0030166038	MADYT Autoserv	Buftea, Ilfov	000000000000577604	GOODYEAR	Winter	205/65R16 95H UG 8 PERFORMANCE MS	1	14/05/2026	6.0	4223	Tyre Only	D			
0030152291	Autotehnica Fleet Services SRL	Bucuresti	B252ALR	VF1RJL007UC503713	? N/A	0030166038	MADYT Autoserv	Buftea, Ilfov	000000000000581353	DUNLOP	Winter	225/45R19 96V WINTER SPT 5 XL MFS	1	14/05/2026	7.0	3524	Tyre Only	D			
0030152291	Autotehnica Fleet Services SRL	Bucuresti	B252ALR	VF1RJL007UC503713	? N/A	0030166038	MADYT Autoserv	Buftea, Ilfov	000000000000581353	DUNLOP	Winter	225/45R19 96V WINTER SPT 5 XL MFS	1	14/05/2026	7.0	3524	Tyre Only	D			
0030152291	Autotehnica Fleet Services SRL	Bucuresti	B252ALR	VF1RJL007UC503713	? N/A	0030166038	MADYT Autoserv	Buftea, Ilfov	000000000000581353	DUNLOP	Winter	225/45R19 96V WINTER SPT 5 XL MFS	1	14/05/2026	7.0	3624	Tyre Only	D			
0030152291	Autotehnica Fleet Services SRL	Bucuresti	B252ALR	VF1RJL007UC503713	? N/A	0030166038	MADYT Autoserv	Buftea, Ilfov	000000000000581353	DUNLOP	Winter	225/45R19 96V WINTER SPT 5 XL MFS	1	14/05/2026	7.0	3524	Tyre Only	D			
0030042972	ARVAL SERVICE LEASE ROMANIA SRL	Bucuresti	B253FRO	JTDKBABB30A381408	TOYOTA YARIS CROSS	0030166038	MADYT Autoserv	Buftea, Ilfov	000000000000577604	GOODYEAR	Winter	205/65R16 95H UG 8 PERFORMANCE MS	1	14/05/2026	6.0	4223	Tyre Only	D	ANV ARE PANA		
0030042972	ARVAL SERVICE LEASE ROMANIA SRL	Bucuresti	B253FRO	JTDKBABB30A381408	TOYOTA YARIS CROSS	0030166038	MADYT Autoserv	Buftea, Ilfov	000000000000577604	GOODYEAR	Winter	205/65R16 95H UG 8 PERFORMANCE MS	1	14/05/2026	5.0	3823	Tyre Only	D			
0030042972	ARVAL SERVICE LEASE ROMANIA SRL	Bucuresti	B253FRO	JTDKBABB30A381408	TOYOTA YARIS CROSS	0030166038	MADYT Autoserv	Buftea, Ilfov	000000000000577604	GOODYEAR	Winter	205/65R16 95H UG 8 PERFORMANCE MS	1	14/05/2026	6.0	3823	Tyre Only	D			
0030042972	ARVAL SERVICE LEASE ROMANIA SRL	Bucuresti	B253FRO	JTDKBABB30A381408	TOYOTA YARIS CROSS	0030166038	MADYT Autoserv	Buftea, Ilfov	000000000000577604	GOODYEAR	Winter	205/65R16 95H UG 8 PERFORMANCE MS	1	14/05/2026	5.0	3823	Tyre Only	D			
0030152291	Autotehnica Fleet Services SRL	Bucuresti	B151AJB	JTMR63FVX0J052840	? N/A	0030166038	MADYT Autoserv	Buftea, Ilfov	000000000000545985	FULDA	Winter	225/65R17 106H KRI CONTROL SUV XL	1	15/05/2026	6.0	2624	Tyre Only	D			
0030152291	Autotehnica Fleet Services SRL	Bucuresti	B151AJB	JTMR63FVX0J052840	? N/A	0030166038	MADYT Autoserv	Buftea, Ilfov	000000000000545985	FULDA	Winter	225/65R17 106H KRI CONTROL SUV XL	1	15/05/2026	7.0	2624	Tyre Only	D			
0030152291	Autotehnica Fleet Services SRL	Bucuresti	B151AJB	JTMR63FVX0J052840	? N/A	0030166038	MADYT Autoserv	Buftea, Ilfov	000000000000545985	FULDA	Winter	225/65R17 106H KRI CONTROL SUV XL	1	15/05/2026	7.0	2624	Tyre Only	D			
0030152291	Autotehnica Fleet Services SRL	Bucuresti	B151AJB	JTMR63FVX0J052840	? N/A	0030166038	MADYT Autoserv	Buftea, Ilfov	000000000000545985	FULDA	Winter	225/65R17 106H KRI CONTROL SUV XL	1	15/05/2026	6.0	2624	Tyre Only	D			
0030042972	ARVAL SERVICE LEASE ROMANIA SRL	Bucuresti	B218BAY	TMBLN9PSXTT053706	SKODA KODIAQ	0030166038	MADYT Autoserv	Buftea, Ilfov	000000000000587210	GOODYEAR	Winter	215/65R17 99V UG PERF + SUV	1	18/05/2026	7.0	0525	Tyre Only	D			
0030042972	ARVAL SERVICE LEASE ROMANIA SRL	Bucuresti	B218BAY	TMBLN9PSXTT053706	SKODA KODIAQ	0030166038	MADYT Autoserv	Buftea, Ilfov	000000000000587210	GOODYEAR	Winter	215/65R17 99V UG PERF + SUV	1	18/05/2026	6.0	0425	Tyre Only	D			
0030042972	ARVAL SERVICE LEASE ROMANIA SRL	Bucuresti	B218BAY	TMBLN9PSXTT053706	SKODA KODIAQ	0030166038	MADYT Autoserv	Buftea, Ilfov	000000000000587210	GOODYEAR	Winter	215/65R17 99V UG PERF + SUV	1	18/05/2026	6.0	0325	Tyre Only	D			
0030042972	ARVAL SERVICE LEASE ROMANIA SRL	Bucuresti	B218BAY	TMBLN9PSXTT053706	SKODA KODIAQ	0030166038	MADYT Autoserv	Buftea, Ilfov	000000000000587210	GOODYEAR	Winter	215/65R17 99V UG PERF + SUV	1	18/05/2026	6.0	0625	Tyre Only	D			
0030042972	ARVAL SERVICE LEASE ROMANIA SRL	Bucuresti	B265FRO	JTDKBABB70A386837	TOYOTA YARIS CROSS	0030166038	MADYT Autoserv	Buftea, Ilfov	000000000003114455	NOKIAN	Winter	205/65R16 95H SNOWPROOF 1	1	18/05/2026	6.0	1623	Tyre Only	D			
0030042972	ARVAL SERVICE LEASE ROMANIA SRL	Bucuresti	B265FRO	JTDKBABB70A386837	TOYOTA YARIS CROSS	0030166038	MADYT Autoserv	Buftea, Ilfov	000000000003114455	NOKIAN	Winter	205/65R16 95H SNOWPROOF 1	1	18/05/2026	5.0	1623	Tyre Only	D			
0030042972	ARVAL SERVICE LEASE ROMANIA SRL	Bucuresti	B265FRO	JTDKBABB70A386837	TOYOTA YARIS CROSS	0030166038	MADYT Autoserv	Buftea, Ilfov	000000000003114455	NOKIAN	Winter	205/65R16 95H SNOWPROOF 1	1	18/05/2026	5.0	1623	Tyre Only	D			
0030042972	ARVAL SERVICE LEASE ROMANIA SRL	Bucuresti	B265FRO	JTDKBABB70A386837	TOYOTA YARIS CROSS	0030166038	MADYT Autoserv	Buftea, Ilfov	000000000003114455	NOKIAN	Winter	205/65R16 95H SNOWPROOF 1	1	18/05/2026	6.0	1623	Tyre Only	D			
0030152291	Autotehnica Fleet Services SRL	Bucuresti	B09PRG	UU1DJF00X75512944	? N/A	0030166038	MADYT Autoserv	Buftea, Ilfov	000000000000532452	FULDA	Winter	195/55R16 87H KRI CONTROL HP 2	1	19/05/2026	9.0	0226	Tyre Only	D			
0030152291	Autotehnica Fleet Services SRL	Bucuresti	B09PRG	UU1DJF00X75512944	? N/A	0030166038	MADYT Autoserv	Buftea, Ilfov	000000000000532452	FULDA	Winter	195/55R16 87H KRI CONTROL HP 2	1	19/05/2026	9.0	0226	Tyre Only	D			
0030152291	Autotehnica Fleet Services SRL	Bucuresti	B09PRG	UU1DJF00X75512944	? N/A	0030166038	MADYT Autoserv	Buftea, Ilfov	000000000000532452	FULDA	Winter	195/55R16 87H KRI CONTROL HP 2	1	19/05/2026	9.0	0226	Tyre Only	D			
0030152291	Autotehnica Fleet Services SRL	Bucuresti	B09PRG	UU1DJF00X75512944	? N/A	0030166038	MADYT Autoserv	Buftea, Ilfov	000000000000532452	FULDA	Winter	195/55R16 87H KRI CONTROL HP 2	1	19/05/2026	9.0	0226	Tyre Only	D			
0030152291	Autotehnica Fleet Services SRL	Bucuresti	B10PRG	NLHBR51G8TZ710701	? N/A	0030166038	MADYT Autoserv	Buftea, Ilfov	000000000003114282	NEXEN	Winter	195/55R16 91H WINGUARD SNOW G3 XL	1	19/05/2026	8.0	2025	Tyre Only	D			
0030152291	Autotehnica Fleet Services SRL	Bucuresti	B10PRG	NLHBR51G8TZ710701	? N/A	0030166038	MADYT Autoserv	Buftea, Ilfov	000000000003114282	NEXEN	Winter	195/55R16 91H WINGUARD SNOW G3 XL	1	19/05/2026	8.0	2025	Tyre Only	D			
0030152291	Autotehnica Fleet Services SRL	Bucuresti	B10PRG	NLHBR51G8TZ710701	? N/A	0030166038	MADYT Autoserv	Buftea, Ilfov	000000000003114282	NEXEN	Winter	195/55R16 91H WINGUARD SNOW G3 XL	1	19/05/2026	8.0	2025	Tyre Only	D			
0030152291	Autotehnica Fleet Services SRL	Bucuresti	B10PRG	NLHBR51G8TZ710701	? N/A	0030166038	MADYT Autoserv	Buftea, Ilfov	000000000003114282	NEXEN	Winter	195/55R16 91H WINGUARD SNOW G3 XL	1	19/05/2026	8.0	2025	Tyre Only	D			
0030042972	ARVAL SERVICE LEASE ROMANIA SRL	Bucuresti	B157FRO	JTDKBABB20A559003	TOYOTA YARIS CROSS	0030166038	MADYT Autoserv	Buftea, Ilfov	000000000001577387	PIRELLI	Winter	205/65R16 95H W. SOTTOZERO 3 MO	1	19/05/2026	6.0	3625	Tyre Only	D			
0030042972	ARVAL SERVICE LEASE ROMANIA SRL	Bucuresti	B157FRO	JTDKBABB20A559003	TOYOTA YARIS CROSS	0030166038	MADYT Autoserv	Buftea, Ilfov	000000000001577387	PIRELLI	Winter	205/65R16 95H W. SOTTOZERO 3 MO	1	19/05/2026	6.0	3625	Tyre Only	D			
0030042972	ARVAL SERVICE LEASE ROMANIA SRL	Bucuresti	B157FRO	JTDKBABB20A559003	TOYOTA YARIS CROSS	0030166038	MADYT Autoserv	Buftea, Ilfov	000000000001577387	PIRELLI	Winter	205/65R16 95H W. SOTTOZERO 3 MO	1	19/05/2026	6.0	3625	Tyre Only	D			
0030042972	ARVAL SERVICE LEASE ROMANIA SRL	Bucuresti	B157FRO	JTDKBABB20A559003	TOYOTA YARIS CROSS	0030166038	MADYT Autoserv	Buftea, Ilfov	000000000001577387	PIRELLI	Winter	205/65R16 95H W. SOTTOZERO 3 MO	1	19/05/2026	6.0	3625	Tyre Only	D			
0030042972	ARVAL SERVICE LEASE ROMANIA SRL	Bucuresti	B247FRO	JTDKBABB60A387154	TOYOTA YARIS CROSS	0030166038	MADYT Autoserv	Buftea, Ilfov	000000000003114455	NOKIAN	Winter	205/65R16 95H SNOWPROOF 1	1	19/05/2026	6.0	1723	Tyre Only	D			
0030042972	ARVAL SERVICE LEASE ROMANIA SRL	Bucuresti	B247FRO	JTDKBABB60A387154	TOYOTA YARIS CROSS	0030166038	MADYT Autoserv	Buftea, Ilfov	000000000003114455	NOKIAN	Winter	205/65R16 95H SNOWPROOF 1	1	19/05/2026	5.0	1723	Tyre Only	D			
0030042972	ARVAL SERVICE LEASE ROMANIA SRL	Bucuresti	B247FRO	JTDKBABB60A387154	TOYOTA YARIS CROSS	0030166038	MADYT Autoserv	Buftea, Ilfov	000000000003114455	NOKIAN	Winter	205/65R16 95H SNOWPROOF 1	1	19/05/2026	5.0	1723	Tyre Only	D			
0030042972	ARVAL SERVICE LEASE ROMANIA SRL	Bucuresti	B247FRO	JTDKBABB60A387154	TOYOTA YARIS CROSS	0030166038	MADYT Autoserv	Buftea, Ilfov	000000000003114455	NOKIAN	Winter	205/65R16 95H SNOWPROOF 1	1	19/05/2026	5.0	1723	Tyre Only	D			
0030152291	Autotehnica Fleet Services SRL	Bucuresti	B808PRG	KMHHC8130SU335851	? N/A	0030166038	MADYT Autoserv	Buftea, Ilfov	000000000003140689	KUMHO	Winter	215/55R18 95H WP52+	1	19/05/2026	8.0	1925	Tyre Only	D			
0030152291	Autotehnica Fleet Services SRL	Bucuresti	B808PRG	KMHHC8130SU335851	? N/A	0030166038	MADYT Autoserv	Buftea, Ilfov	000000000003140689	KUMHO	Winter	215/55R18 95H WP52+	1	19/05/2026	8.0	1925	Tyre Only	D			
0030152291	Autotehnica Fleet Services SRL	Bucuresti	B808PRG	KMHHC8130SU335851	? N/A	0030166038	MADYT Autoserv	Buftea, Ilfov	000000000003140689	KUMHO	Winter	215/55R18 95H WP52+	1	19/05/2026	9.0	1925	Tyre Only	D			
0030152291	Autotehnica Fleet Services SRL	Bucuresti	B808PRG	KMHHC8130SU335851	? N/A	0030166038	MADYT Autoserv	Buftea, Ilfov	000000000003140689	KUMHO	Winter	215/55R18 95H WP52+	1	19/05/2026	9.0	1925	Tyre Only	D			
0030152291	Autotehnica Fleet Services SRL	Bucuresti	B98CXI	VF1RJL008UC474111	? N/A	0030166038	MADYT Autoserv	Buftea, Ilfov	000000000000545991	DUNLOP	Winter	215/55R18 99V WINTER SPT 5 SUV XL	1	19/05/2026	7.0	3824	Tyre Only	D			
0030152291	Autotehnica Fleet Services SRL	Bucuresti	B98CXI	VF1RJL008UC474111	? N/A	0030166038	MADYT Autoserv	Buftea, Ilfov	000000000000545991	DUNLOP	Winter	215/55R18 99V WINTER SPT 5 SUV XL	1	19/05/2026	6.0	3824	Tyre Only	D			
0030152291	Autotehnica Fleet Services SRL	Bucuresti	B98CXI	VF1RJL008UC474111	? N/A	0030166038	MADYT Autoserv	Buftea, Ilfov	000000000000545991	DUNLOP	Winter	215/55R18 99V WINTER SPT 5 SUV XL	1	19/05/2026	6.0	4024	Tyre Only	D			
0030152291	Autotehnica Fleet Services SRL	Bucuresti	B98CXI	VF1RJL008UC474111	? N/A	0030166038	MADYT Autoserv	Buftea, Ilfov	000000000000545991	DUNLOP	Winter	215/55R18 99V WINTER SPT 5 SUV XL	1	19/05/2026	7.0	3524	Tyre Only	D			
0030152291	Autotehnica Fleet Services SRL	Bucuresti	B21AJB	JTMD63FV90D145888	? N/A	0030166038	MADYT Autoserv	Buftea, Ilfov	000000000001538991	HANKOOK	Winter	225/60R18 104V WIN. I*CEPT W310 XL SBL	1	21/05/2026	6.0	2524	Tyre Only	D			
0030152291	Autotehnica Fleet Services SRL	Bucuresti	B21AJB	JTMD63FV90D145888	? N/A	0030166038	MADYT Autoserv	Buftea, Ilfov	000000000001538991	HANKOOK	Winter	225/60R18 104V WIN. I*CEPT W310 XL SBL	1	21/05/2026	5.0	2524	Tyre Only	D			
0030152291	Autotehnica Fleet Services SRL	Bucuresti	B21AJB	JTMD63FV90D145888	? N/A	0030166038	MADYT Autoserv	Buftea, Ilfov	000000000001538991	HANKOOK	Winter	225/60R18 104V WIN. I*CEPT W310 XL SBL	1	21/05/2026	5.0	2524	Tyre Only	D			
0030152291	Autotehnica Fleet Services SRL	Bucuresti	B21AJB	JTMD63FV90D145888	? N/A	0030166038	MADYT Autoserv	Buftea, Ilfov	000000000001538991	HANKOOK	Winter	225/60R18 104V WIN. I*CEPT W310 XL SBL	1	21/05/2026	6.0	2524	Tyre Only	D			
0030152291	Autotehnica Fleet Services SRL	Bucuresti	B113AJB	AHTBB3CD501789410	? N/A	0030166038	MADYT Autoserv	Buftea, Ilfov	000000000003147190	KUMHO	Winter	265/60R18 114H WS71 XL	1	29/05/2026	5.0	1725	Tyre Only	D			
0030152291	Autotehnica Fleet Services SRL	Bucuresti	B113AJB	AHTBB3CD501789410	? N/A	0030166038	MADYT Autoserv	Buftea, Ilfov	000000000003147190	KUMHO	Winter	265/60R18 114H WS71 XL	1	29/05/2026	5.0	1825	Tyre Only	D			
0030042972	ARVAL SERVICE LEASE ROMANIA SRL	Bucuresti	B114HXN	W1K2130191B069743	MERCEDES E-CLASS SEDAN	0030166038	MADYT Autoserv	Buftea, Ilfov	000000000000531983	DUNLOP	Winter	245/45R18 100V WINTER SPT 5 XL MFS	1	29/05/2026	6.0	3722	Tyre Only	D			
0030042972	ARVAL SERVICE LEASE ROMANIA SRL	Bucuresti	B114HXN	W1K2130191B069743	MERCEDES E-CLASS SEDAN	0030166038	MADYT Autoserv	Buftea, Ilfov	000000000000531983	DUNLOP	Winter	245/45R18 100V WINTER SPT 5 XL MFS	1	29/05/2026	6.0	3722	Tyre Only	D	ANV CIUPITA PE UMAR		
0030042972	ARVAL SERVICE LEASE ROMANIA SRL	Bucuresti	B114HXN	W1K2130191B069743	MERCEDES E-CLASS SEDAN	0030166038	MADYT Autoserv	Buftea, Ilfov	000000000000531983	DUNLOP	Winter	245/45R18 100V WINTER SPT 5 XL MFS	1	29/05/2026	6.0	3722	Tyre Only	D			
0030042972	ARVAL SERVICE LEASE ROMANIA SRL	Bucuresti	B114HXN	W1K2130191B069743	MERCEDES E-CLASS SEDAN	0030166038	MADYT Autoserv	Buftea, Ilfov	000000000000531983	DUNLOP	Winter	245/45R18 100V WINTER SPT 5 XL MFS	1	29/05/2026	5.0	3722	Tyre Only	D			
0030152291	Autotehnica Fleet Services SRL	Bucuresti	B116BFY	KPT20A1YSNP383921	? N/A	0030166038	MADYT Autoserv	Buftea, Ilfov	000000000000577604	GOODYEAR	Winter	205/65R16 95H UG 8 PERFORMANCE MS	1	29/05/2026	4.0	2321	Tyre Only	D			
0030152291	Autotehnica Fleet Services SRL	Bucuresti	B116BFY	KPT20A1YSNP383921	? N/A	0030166038	MADYT Autoserv	Buftea, Ilfov	000000000000577604	GOODYEAR	Winter	205/65R16 95H UG 8 PERFORMANCE MS	1	29/05/2026	4.0	2321	Tyre Only	D			
0030152291	Autotehnica Fleet Services SRL	Bucuresti	B116BFY	KPT20A1YSNP383921	? N/A	0030166038	MADYT Autoserv	Buftea, Ilfov	000000000000577604	GOODYEAR	Winter	205/65R16 95H UG 8 PERFORMANCE MS	1	29/05/2026	4.0	2321	Tyre Only	D			
0030152291	Autotehnica Fleet Services SRL	Bucuresti	B116BFY	KPT20A1YSNP383921	? N/A	0030166038	MADYT Autoserv	Buftea, Ilfov	000000000000577604	GOODYEAR	Winter	205/65R16 95H UG 8 PERFORMANCE MS	1	29/05/2026	4.0	2321	Tyre Only	D			
0030152291	Autotehnica Fleet Services SRL	Bucuresti	B132AJB	VF1MB000872828385	? N/A	0030166038	MADYT Autoserv	Buftea, Ilfov	000000000001605753	CONTINENTAL	Summer	195/75R16C 107/105R CONTIVANCONT.200 8	1	29/05/2026	5.0	1124	Tyre Only	D			
0030042972	ARVAL SERVICE LEASE ROMANIA SRL	Bucuresti	B174FRO	JTNABACB709006757	TOYOTA COROLLA CROSS	0030166038	MADYT Autoserv	Buftea, Ilfov	000000000003108338	CONTINENTAL	Winter	225/50R18 99V WINTERCONTACT TS870P XL	1	29/05/2026	8.0	2925	Tyre Only	D			
0030042972	ARVAL SERVICE LEASE ROMANIA SRL	Bucuresti	B174FRO	JTNABACB709006757	TOYOTA COROLLA CROSS	0030166038	MADYT Autoserv	Buftea, Ilfov	000000000003108338	CONTINENTAL	Winter	225/50R18 99V WINTERCONTACT TS870P XL	1	29/05/2026	8.0	3725	Tyre Only	D			
0030042972	ARVAL SERVICE LEASE ROMANIA SRL	Bucuresti	B174FRO	JTNABACB709006757	TOYOTA COROLLA CROSS	0030166038	MADYT Autoserv	Buftea, Ilfov	000000000003108338	CONTINENTAL	Winter	225/50R18 99V WINTERCONTACT TS870P XL	1	29/05/2026	8.0	2925	Tyre Only	D			
0030042972	ARVAL SERVICE LEASE ROMANIA SRL	Bucuresti	B174FRO	JTNABACB709006757	TOYOTA COROLLA CROSS	0030166038	MADYT Autoserv	Buftea, Ilfov	000000000003108338	CONTINENTAL	Winter	225/50R18 99V WINTERCONTACT TS870P XL	1	29/05/2026	8.0	3725	Tyre Only	D			
0030152291	Autotehnica Fleet Services SRL	Bucuresti	B183AJB	AHTBB3CD501794977	? N/A	0030166038	MADYT Autoserv	Buftea, Ilfov	000000000000581409	DUNLOP	Winter	265/60R18 114H WINTER SPT 5 SUV XL	1	29/05/2026	7.0	4125	Tyre Only	D			
0030152291	Autotehnica Fleet Services SRL	Bucuresti	B183AJB	AHTBB3CD501794977	? N/A	0030166038	MADYT Autoserv	Buftea, Ilfov	000000000000581409	DUNLOP	Winter	265/60R18 114H WINTER SPT 5 SUV XL	1	29/05/2026	7.0	4125	Tyre Only	D			
0030042972	ARVAL SERVICE LEASE ROMANIA SRL	Bucuresti	B263FRO	JTDKBABBX0A386895	TOYOTA YARIS CROSS	0030166038	MADYT Autoserv	Buftea, Ilfov	000000000000577604	GOODYEAR	Winter	205/65R16 95H UG 8 PERFORMANCE MS	1	29/05/2026	6.0	3723	Tyre Only	D			
0030042972	ARVAL SERVICE LEASE ROMANIA SRL	Bucuresti	B263FRO	JTDKBABBX0A386895	TOYOTA YARIS CROSS	0030166038	MADYT Autoserv	Buftea, Ilfov	000000000000577604	GOODYEAR	Winter	205/65R16 95H UG 8 PERFORMANCE MS	1	29/05/2026	7.0	3723	Tyre Only	D			
0030042972	ARVAL SERVICE LEASE ROMANIA SRL	Bucuresti	B263FRO	JTDKBABBX0A386895	TOYOTA YARIS CROSS	0030166038	MADYT Autoserv	Buftea, Ilfov	000000000000577604	GOODYEAR	Winter	205/65R16 95H UG 8 PERFORMANCE MS	1	29/05/2026	7.0	3723	Tyre Only	D			
0030042972	ARVAL SERVICE LEASE ROMANIA SRL	Bucuresti	B263FRO	JTDKBABBX0A386895	TOYOTA YARIS CROSS	0030166038	MADYT Autoserv	Buftea, Ilfov	000000000000577604	GOODYEAR	Winter	205/65R16 95H UG 8 PERFORMANCE MS	1	29/05/2026	7.0	3723	Tyre Only	D			
0030042972	ARVAL SERVICE LEASE ROMANIA SRL	Bucuresti	B384MCD	NLHBR51GXSZ549251	HYUNDAI I20	0030166038	MADYT Autoserv	Buftea, Ilfov	000000000000534153	FULDA	Winter	195/55R16 87T KRI CONTROL HP 2	1	29/05/2026	8.0	3424	Tyre Only	D			
0030042972	ARVAL SERVICE LEASE ROMANIA SRL	Bucuresti	B384MCD	NLHBR51GXSZ549251	HYUNDAI I20	0030166038	MADYT Autoserv	Buftea, Ilfov	000000000000534153	FULDA	Winter	195/55R16 87T KRI CONTROL HP 2	1	29/05/2026	8.0	3424	Tyre Only	D			
0030042972	ARVAL SERVICE LEASE ROMANIA SRL	Bucuresti	B384MCD	NLHBR51GXSZ549251	HYUNDAI I20	0030166038	MADYT Autoserv	Buftea, Ilfov	000000000000534153	FULDA	Winter	195/55R16 87T KRI CONTROL HP 2	1	29/05/2026	8.0	3424	Tyre Only	D			
0030042972	ARVAL SERVICE LEASE ROMANIA SRL	Bucuresti	B384MCD	NLHBR51GXSZ549251	HYUNDAI I20	0030166038	MADYT Autoserv	Buftea, Ilfov	000000000000534153	FULDA	Winter	195/55R16 87T KRI CONTROL HP 2	1	29/05/2026	8.0	3424	Tyre Only	D			
0030042972	ARVAL SERVICE LEASE ROMANIA SRL	Bucuresti	B118EMB	W1N4N8JB8PJ508702	MERCEDES GLA	0030166038	MADYT Autoserv	Buftea, Ilfov	000000000003114485	NOKIAN	Winter	215/65R17 103H SNOWPROOF 2 SUV XL	1	31/05/2026	7.0	1923	Tyre Only	D			
0030042972	ARVAL SERVICE LEASE ROMANIA SRL	Bucuresti	B118EMB	W1N4N8JB8PJ508702	MERCEDES GLA	0030166038	MADYT Autoserv	Buftea, Ilfov	000000000003114485	NOKIAN	Winter	215/65R17 103H SNOWPROOF 2 SUV XL	1	31/05/2026	7.0	2023	Tyre Only	D			
0030042972	ARVAL SERVICE LEASE ROMANIA SRL	Bucuresti	B118EMB	W1N4N8JB8PJ508702	MERCEDES GLA	0030166038	MADYT Autoserv	Buftea, Ilfov	000000000003114485	NOKIAN	Winter	215/65R17 103H SNOWPROOF 2 SUV XL	1	31/05/2026	7.0	2023	Tyre Only	D			
0030042972	ARVAL SERVICE LEASE ROMANIA SRL	Bucuresti	B118EMB	W1N4N8JB8PJ508702	MERCEDES GLA	0030166038	MADYT Autoserv	Buftea, Ilfov	000000000003114485	NOKIAN	Winter	215/65R17 103H SNOWPROOF 2 SUV XL	1	31/05/2026	7.0	1923	Tyre Only	D			
0030042972	ARVAL SERVICE LEASE ROMANIA SRL	Bucuresti	B161FRO	JTNABACB10J037324	TOYOTA COROLLA CROSS	0030166038	MADYT Autoserv	Buftea, Ilfov	000000000000580738	GOODYEAR	Winter	225/50R18 99V UG PERF 3 XL FP	1	31/05/2026	5.0	2724	Tyre Only	D			
0030042972	ARVAL SERVICE LEASE ROMANIA SRL	Bucuresti	B161FRO	JTNABACB10J037324	TOYOTA COROLLA CROSS	0030166038	MADYT Autoserv	Buftea, Ilfov	000000000000580738	GOODYEAR	Winter	225/50R18 99V UG PERF 3 XL FP	1	31/05/2026	6.0	2724	Tyre Only	D			
0030042972	ARVAL SERVICE LEASE ROMANIA SRL	Bucuresti	B161FRO	JTNABACB10J037324	TOYOTA COROLLA CROSS	0030166038	MADYT Autoserv	Buftea, Ilfov	000000000000580738	GOODYEAR	Winter	225/50R18 99V UG PERF 3 XL FP	1	31/05/2026	5.0	0124	Tyre Only	D			
0030042972	ARVAL SERVICE LEASE ROMANIA SRL	Bucuresti	B161FRO	JTNABACB10J037324	TOYOTA COROLLA CROSS	0030166038	MADYT Autoserv	Buftea, Ilfov	000000000000580738	GOODYEAR	Winter	225/50R18 99V UG PERF 3 XL FP	1	31/05/2026	6.0	0124	Tyre Only	D			
0030152291	Autotehnica Fleet Services SRL	Bucuresti	SS404140	UU1DJF00876404140	? ?	0030166038	MADYT Autoserv	Buftea, Ilfov	000000000000532524	SAVA	Winter	195/55R16 87H ESKIMO HP 2	1	31/05/2026	7.0	1925	Tyre Only	D			
0030152291	Autotehnica Fleet Services SRL	Bucuresti	SS404140	UU1DJF00876404140	? ?	0030166038	MADYT Autoserv	Buftea, Ilfov	000000000000532524	SAVA	Winter	195/55R16 87H ESKIMO HP 2	1	31/05/2026	7.0	1925	Tyre Only	D			
0030152291	Autotehnica Fleet Services SRL	Bucuresti	SS404140	UU1DJF00876404140	? ?	0030166038	MADYT Autoserv	Buftea, Ilfov	000000000000532524	SAVA	Winter	195/55R16 87H ESKIMO HP 2	1	31/05/2026	7.0	1925	Tyre Only	D			
0030152291	Autotehnica Fleet Services SRL	Bucuresti	SS404140	UU1DJF00876404140	? ?	0030166038	MADYT Autoserv	Buftea, Ilfov	000000000000532524	SAVA	Winter	195/55R16 87H ESKIMO HP 2	1	31/05/2026	7.0	1925	Tyre Only	D			
0030042972	ARVAL SERVICE LEASE ROMANIA SRL	Bucuresti	B122FRO	WBA35GP040N390310	BMW X3	0030166038	MADYT Autoserv	Buftea, Ilfov	000000000003126284	PIRELLI	Winter	255/45R20 105V P ZERO WINTER 2 * XL	1	05/06/2026	6.0	0126	Tyre Only	D			
0030042972	ARVAL SERVICE LEASE ROMANIA SRL	Bucuresti	B122FRO	WBA35GP040N390310	BMW X3	0030166038	MADYT Autoserv	Buftea, Ilfov	000000000003126285	PIRELLI	Winter	285/40R20 108V P ZERO WINTER 2 * XL	1	05/06/2026	7.0	3925	Tyre Only	D	ANV LOVITA UMAR EXTERIOR +JANTA LOVITA		
0030042972	ARVAL SERVICE LEASE ROMANIA SRL	Bucuresti	B122FRO	WBA35GP040N390310	BMW X3	0030166038	MADYT Autoserv	Buftea, Ilfov	000000000003126284	PIRELLI	Winter	255/45R20 105V P ZERO WINTER 2 * XL	1	05/06/2026	6.0	0126	Tyre Only	D			
0030042972	ARVAL SERVICE LEASE ROMANIA SRL	Bucuresti	B122FRO	WBA35GP040N390310	BMW X3	0030166038	MADYT Autoserv	Buftea, Ilfov	000000000003126285	PIRELLI	Winter	285/40R20 108V P ZERO WINTER 2 * XL	1	05/06/2026	7.0	4125	Tyre Only	D			
0030152291	Autotehnica Fleet Services SRL	Bucuresti	B128HXJ	VF1RFK00976289113	? N/A	0030166038	MADYT Autoserv	Buftea, Ilfov	000000000000539242	SAVA	Winter	205/60R16 92H ESKIMO HP 2	1	05/06/2026	8.0	2425	Tyre Only	D			
0030152291	Autotehnica Fleet Services SRL	Bucuresti	B128HXJ	VF1RFK00976289113	? N/A	0030166038	MADYT Autoserv	Buftea, Ilfov	000000000000539242	SAVA	Winter	205/60R16 92H ESKIMO HP 2	1	05/06/2026	8.0	3825	Tyre Only	D			
0030152291	Autotehnica Fleet Services SRL	Bucuresti	B128HXJ	VF1RFK00976289113	? N/A	0030166038	MADYT Autoserv	Buftea, Ilfov	000000000000539242	SAVA	Winter	205/60R16 92H ESKIMO HP 2	1	05/06/2026	8.0	3825	Tyre Only	D			
0030152291	Autotehnica Fleet Services SRL	Bucuresti	B128HXJ	VF1RFK00976289113	? N/A	0030166038	MADYT Autoserv	Buftea, Ilfov	000000000000539242	SAVA	Winter	205/60R16 92H ESKIMO HP 2	1	05/06/2026	8.0	3825	Tyre Only	D			
0030042972	ARVAL SERVICE LEASE ROMANIA SRL	Bucuresti	B244FRO	JTDKBABBX0A387139	TOYOTA YARIS CROSS	0030166038	MADYT Autoserv	Buftea, Ilfov	000000000003114455	NOKIAN	Winter	205/65R16 95H SNOWPROOF 1	1	10/06/2026	5.0	1623	Tyre Only	D			
0030042972	ARVAL SERVICE LEASE ROMANIA SRL	Bucuresti	B244FRO	JTDKBABBX0A387139	TOYOTA YARIS CROSS	0030166038	MADYT Autoserv	Buftea, Ilfov	000000000003114455	NOKIAN	Winter	205/65R16 95H SNOWPROOF 1	1	10/06/2026	6.0	1723	Tyre Only	D			
0030042972	ARVAL SERVICE LEASE ROMANIA SRL	Bucuresti	B244FRO	JTDKBABBX0A387139	TOYOTA YARIS CROSS	0030166038	MADYT Autoserv	Buftea, Ilfov	000000000003114455	NOKIAN	Winter	205/65R16 95H SNOWPROOF 1	1	10/06/2026	6.0	1723	Tyre Only	D			
0030042972	ARVAL SERVICE LEASE ROMANIA SRL	Bucuresti	B244FRO	JTDKBABBX0A387139	TOYOTA YARIS CROSS	0030166038	MADYT Autoserv	Buftea, Ilfov	000000000003114455	NOKIAN	Winter	205/65R16 95H SNOWPROOF 1	1	10/06/2026	5.0	1723	Tyre Only	D			
0030042972	ARVAL SERVICE LEASE ROMANIA SRL	Bucuresti	B258FRO	JTDKBABB20A386874	TOYOTA YARIS CROSS	0030166038	MADYT Autoserv	Buftea, Ilfov	000000000000577604	GOODYEAR	Winter	205/65R16 95H UG 8 PERFORMANCE MS	1	10/06/2026	4.0	3725	Tyre Only	D			
0030042972	ARVAL SERVICE LEASE ROMANIA SRL	Bucuresti	B258FRO	JTDKBABB20A386874	TOYOTA YARIS CROSS	0030166038	MADYT Autoserv	Buftea, Ilfov	000000000000577604	GOODYEAR	Winter	205/65R16 95H UG 8 PERFORMANCE MS	1	10/06/2026	5.0	3723	Tyre Only	D			
0030042972	ARVAL SERVICE LEASE ROMANIA SRL	Bucuresti	B258FRO	JTDKBABB20A386874	TOYOTA YARIS CROSS	0030166038	MADYT Autoserv	Buftea, Ilfov	000000000000577604	GOODYEAR	Winter	205/65R16 95H UG 8 PERFORMANCE MS	1	10/06/2026	4.0	3725	Tyre Only	D	ANV ARE PANA		
0030042972	ARVAL SERVICE LEASE ROMANIA SRL	Bucuresti	B258FRO	JTDKBABB20A386874	TOYOTA YARIS CROSS	0030166038	MADYT Autoserv	Buftea, Ilfov	000000000000577604	GOODYEAR	Winter	205/65R16 95H UG 8 PERFORMANCE MS	1	10/06/2026	5.0	3723	Tyre Only	D			
0030152291	Autotehnica Fleet Services SRL	Bucuresti	B114XSO	WF02XXERK2NY72591	? N/A	0030166038	MADYT Autoserv	Buftea, Ilfov	000000000000532514	SAVA	Winter	215/55R17 98V ESKIMO HP 2 XL FP	1	17/06/2026	7.0	1822	Tyre Only	D			
0030152291	Autotehnica Fleet Services SRL	Bucuresti	B114XSO	WF02XXERK2NY72591	? N/A	0030166038	MADYT Autoserv	Buftea, Ilfov	000000000000532514	SAVA	Winter	215/55R17 98V ESKIMO HP 2 XL FP	1	17/06/2026	8.0	1822	Tyre Only	D			
0030152291	Autotehnica Fleet Services SRL	Bucuresti	B114XSO	WF02XXERK2NY72591	? N/A	0030166038	MADYT Autoserv	Buftea, Ilfov	000000000000532514	SAVA	Winter	215/55R17 98V ESKIMO HP 2 XL FP	1	17/06/2026	7.0	1822	Tyre Only	D			
0030152291	Autotehnica Fleet Services SRL	Bucuresti	B114XSO	WF02XXERK2NY72591	? N/A	0030166038	MADYT Autoserv	Buftea, Ilfov	000000000000532514	SAVA	Winter	215/55R17 98V ESKIMO HP 2 XL FP	1	17/06/2026	8.0	1822	Tyre Only	D			
0030042972	ARVAL SERVICE LEASE ROMANIA SRL	Bucuresti	B245FRO	JTDKBABBX0A381051	TOYOTA YARIS CROSS	0030166038	MADYT Autoserv	Buftea, Ilfov	000000000000577604	GOODYEAR	Winter	205/65R16 95H UG 8 PERFORMANCE MS	1	17/06/2026	6.0	3823	Tyre Only	D			
0030042972	ARVAL SERVICE LEASE ROMANIA SRL	Bucuresti	B245FRO	JTDKBABBX0A381051	TOYOTA YARIS CROSS	0030166038	MADYT Autoserv	Buftea, Ilfov	000000000000577604	GOODYEAR	Winter	205/65R16 95H UG 8 PERFORMANCE MS	1	17/06/2026	5.0	3823	Tyre Only	D			
0030042972	ARVAL SERVICE LEASE ROMANIA SRL	Bucuresti	B245FRO	JTDKBABBX0A381051	TOYOTA YARIS CROSS	0030166038	MADYT Autoserv	Buftea, Ilfov	000000000000577604	GOODYEAR	Winter	205/65R16 95H UG 8 PERFORMANCE MS	1	17/06/2026	5.0	3823	Tyre Only	D			
0030042972	ARVAL SERVICE LEASE ROMANIA SRL	Bucuresti	B245FRO	JTDKBABBX0A381051	TOYOTA YARIS CROSS	0030166038	MADYT Autoserv	Buftea, Ilfov	000000000000577604	GOODYEAR	Winter	205/65R16 95H UG 8 PERFORMANCE MS	1	17/06/2026	6.0	3823	Tyre Only	D			
0030042972	ARVAL SERVICE LEASE ROMANIA SRL	Bucuresti	B222FRO	WVGZZZCT9SW518000	VOLKSWAGEN TIGUAN	0030166038	MADYT Autoserv	Buftea, Ilfov	000000000000587885	GOODYEAR	Winter	255/45R19 104V UG PERF + T0 XL SCT FP	1	18/06/2026	8.0	3924	Tyre Only	D			
0030042972	ARVAL SERVICE LEASE ROMANIA SRL	Bucuresti	B222FRO	WVGZZZCT9SW518000	VOLKSWAGEN TIGUAN	0030166038	MADYT Autoserv	Buftea, Ilfov	000000000000587885	GOODYEAR	Winter	255/45R19 104V UG PERF + T0 XL SCT FP	1	18/06/2026	8.0	4024	Tyre Only	D			
0030042972	ARVAL SERVICE LEASE ROMANIA SRL	Bucuresti	B222FRO	WVGZZZCT9SW518000	VOLKSWAGEN TIGUAN	0030166038	MADYT Autoserv	Buftea, Ilfov	000000000000587885	GOODYEAR	Winter	255/45R19 104V UG PERF + T0 XL SCT FP	1	18/06/2026	7.0	4424	Tyre Only	D			
0030042972	ARVAL SERVICE LEASE ROMANIA SRL	Bucuresti	B222FRO	WVGZZZCT9SW518000	VOLKSWAGEN TIGUAN	0030166038	MADYT Autoserv	Buftea, Ilfov	000000000000587885	GOODYEAR	Winter	255/45R19 104V UG PERF + T0 XL SCT FP	1	18/06/2026	8.0	3924	Tyre Only	D			
0030042972	ARVAL SERVICE LEASE ROMANIA SRL	Bucuresti	B118ZLX	JTMD63FV60J034345	TOYOTA RAV4	0030166038	MADYT Autoserv	Buftea, Ilfov	000000000001577388	PIRELLI	Winter	225/60R18 104H W. SOTTOZERO 3 (*) XL	1	22/06/2026	5.0	2523	Tyre Only	D			
0030042972	ARVAL SERVICE LEASE ROMANIA SRL	Bucuresti	B118ZLX	JTMD63FV60J034345	TOYOTA RAV4	0030166038	MADYT Autoserv	Buftea, Ilfov	000000000001577388	PIRELLI	Winter	225/60R18 104H W. SOTTOZERO 3 (*) XL	1	22/06/2026	5.0	2523	Tyre Only	D			
0030042972	ARVAL SERVICE LEASE ROMANIA SRL	Bucuresti	B118ZLX	JTMD63FV60J034345	TOYOTA RAV4	0030166038	MADYT Autoserv	Buftea, Ilfov	000000000001577388	PIRELLI	Winter	225/60R18 104H W. SOTTOZERO 3 (*) XL	1	22/06/2026	5.0	2523	Tyre Only	D	JANTA ZGARIATA		
0030042972	ARVAL SERVICE LEASE ROMANIA SRL	Bucuresti	B118ZLX	JTMD63FV60J034345	TOYOTA RAV4	0030166038	MADYT Autoserv	Buftea, Ilfov	000000000001577388	PIRELLI	Winter	225/60R18 104H W. SOTTOZERO 3 (*) XL	1	22/06/2026	5.0	2523	Tyre Only	D	JANTA ZGARIATA		
0030042972	ARVAL SERVICE LEASE ROMANIA SRL	Bucuresti	B183FRO	WVGZZZCT8SW517534	VOLKSWAGEN TIGUAN	0030166038	MADYT Autoserv	Buftea, Ilfov	000000000000580780	GOODYEAR	Winter	255/45R19 104V UG PERF 3 XL FP	1	22/06/2026	8.0	2725	Tyre Only	D			
0030042972	ARVAL SERVICE LEASE ROMANIA SRL	Bucuresti	B183FRO	WVGZZZCT8SW517534	VOLKSWAGEN TIGUAN	0030166038	MADYT Autoserv	Buftea, Ilfov	000000000000580780	GOODYEAR	Winter	255/45R19 104V UG PERF 3 XL FP	1	22/06/2026	8.0	4024	Tyre Only	D			
0030042972	ARVAL SERVICE LEASE ROMANIA SRL	Bucuresti	B183FRO	WVGZZZCT8SW517534	VOLKSWAGEN TIGUAN	0030166038	MADYT Autoserv	Buftea, Ilfov	000000000000580780	GOODYEAR	Winter	255/45R19 104V UG PERF 3 XL FP	1	22/06/2026	8.0	4024	Tyre Only	D			
0030042972	ARVAL SERVICE LEASE ROMANIA SRL	Bucuresti	B183FRO	WVGZZZCT8SW517534	VOLKSWAGEN TIGUAN	0030166038	MADYT Autoserv	Buftea, Ilfov	000000000000580780	GOODYEAR	Winter	255/45R19 104V UG PERF 3 XL FP	1	22/06/2026	7.0	2725	Tyre Only	D			
0030042972	ARVAL SERVICE LEASE ROMANIA SRL	Bucuresti	B212FRO	WBA11FJ000CU42713	BMW SERIES 5 SEDAN	0030166038	MADYT Autoserv	Buftea, Ilfov	000000000003112895	PIRELLI	Winter	245/45R19 102H P ZERO WINTER * MO XL	1	22/06/2026	5.0	3424	Tyre Only	D			
0030042972	ARVAL SERVICE LEASE ROMANIA SRL	Bucuresti	B212FRO	WBA11FJ000CU42713	BMW SERIES 5 SEDAN	0030166038	MADYT Autoserv	Buftea, Ilfov	000000000003112895	PIRELLI	Winter	245/45R19 102H P ZERO WINTER * MO XL	1	22/06/2026	5.0	3324	Tyre Only	D			
0030042972	ARVAL SERVICE LEASE ROMANIA SRL	Bucuresti	B212FRO	WBA11FJ000CU42713	BMW SERIES 5 SEDAN	0030166038	MADYT Autoserv	Buftea, Ilfov	000000000003112895	PIRELLI	Winter	245/45R19 102H P ZERO WINTER * MO XL	1	22/06/2026	6.0	3524	Tyre Only	D			
0030042972	ARVAL SERVICE LEASE ROMANIA SRL	Bucuresti	B212FRO	WBA11FJ000CU42713	BMW SERIES 5 SEDAN	0030166038	MADYT Autoserv	Buftea, Ilfov	000000000003112895	PIRELLI	Winter	245/45R19 102H P ZERO WINTER * MO XL	1	22/06/2026	6.0	3324	Tyre Only	D			
0030042972	ARVAL SERVICE LEASE ROMANIA SRL	Bucuresti	B254FRO	JTDKBABB00A381253	TOYOTA YARIS CROSS	0030166038	MADYT Autoserv	Buftea, Ilfov	000000000000542921	GOODYEAR	Winter	205/65R16 95H UG 8 PERFORMANCE MS *	1	22/06/2026	6.0	3823	Tyre Only	D			
0030042972	ARVAL SERVICE LEASE ROMANIA SRL	Bucuresti	B254FRO	JTDKBABB00A381253	TOYOTA YARIS CROSS	0030166038	MADYT Autoserv	Buftea, Ilfov	000000000003114449	NOKIAN	Winter	205/65R16 95H SNOWPROOF 2	1	22/06/2026	8.0	0924	Tyre Only	D			
0030042972	ARVAL SERVICE LEASE ROMANIA SRL	Bucuresti	B254FRO	JTDKBABB00A381253	TOYOTA YARIS CROSS	0030166038	MADYT Autoserv	Buftea, Ilfov	000000000000542921	GOODYEAR	Winter	205/65R16 95H UG 8 PERFORMANCE MS *	1	22/06/2026	6.0	3823	Tyre Only	D			
0030042972	ARVAL SERVICE LEASE ROMANIA SRL	Bucuresti	B254FRO	JTDKBABB00A381253	TOYOTA YARIS CROSS	0030166038	MADYT Autoserv	Buftea, Ilfov	000000000003114449	NOKIAN	Winter	205/65R16 95H SNOWPROOF 2	1	22/06/2026	8.0	0924	Tyre Only	D			
0030042972	ARVAL SERVICE LEASE ROMANIA SRL	Bucuresti	B176FRO	WVGZZZCT4SW518468	VOLKSWAGEN TIGUAN	0030166038	MADYT Autoserv	Buftea, Ilfov	000000000000583639	GOODYEAR	Winter	255/45R19 104V UG PERF + XL FP	1	25/06/2026	7.0	4424	Tyre Only	D			
0030042972	ARVAL SERVICE LEASE ROMANIA SRL	Bucuresti	B176FRO	WVGZZZCT4SW518468	VOLKSWAGEN TIGUAN	0030166038	MADYT Autoserv	Buftea, Ilfov	000000000000583639	GOODYEAR	Winter	255/45R19 104V UG PERF + XL FP	1	25/06/2026	8.0	3924	Tyre Only	D			
0030042972	ARVAL SERVICE LEASE ROMANIA SRL	Bucuresti	B176FRO	WVGZZZCT4SW518468	VOLKSWAGEN TIGUAN	0030166038	MADYT Autoserv	Buftea, Ilfov	000000000000583639	GOODYEAR	Winter	255/45R19 104V UG PERF + XL FP	1	25/06/2026	8.0	3924	Tyre Only	D			
0030042972	ARVAL SERVICE LEASE ROMANIA SRL	Bucuresti	B176FRO	WVGZZZCT4SW518468	VOLKSWAGEN TIGUAN	0030166038	MADYT Autoserv	Buftea, Ilfov	000000000000583639	GOODYEAR	Winter	255/45R19 104V UG PERF + XL FP	1	25/06/2026	7.0	4024	Tyre Only	D			
0030042972	ARVAL SERVICE LEASE ROMANIA SRL	Bucuresti	B123FCW	W1NKM0HB6SU073638	MERCEDES GLC	0030166038	MADYT Autoserv	Buftea, Ilfov	000000000000532002	DUNLOP	Winter	235/55R19 105V WINTER SPT 5 SUV XL	1	02/07/2026	7.0	4224	Tyre Only	D			
0030042972	ARVAL SERVICE LEASE ROMANIA SRL	Bucuresti	B123FCW	W1NKM0HB6SU073638	MERCEDES GLC	0030166038	MADYT Autoserv	Buftea, Ilfov	000000000000532002	DUNLOP	Winter	235/55R19 105V WINTER SPT 5 SUV XL	1	02/07/2026	7.0	2424	Tyre Only	D			
0030042972	ARVAL SERVICE LEASE ROMANIA SRL	Bucuresti	B123FCW	W1NKM0HB6SU073638	MERCEDES GLC	0030166038	MADYT Autoserv	Buftea, Ilfov	000000000000532002	DUNLOP	Winter	235/55R19 105V WINTER SPT 5 SUV XL	1	02/07/2026	7.0	4224	Tyre Only	D			
0030042972	ARVAL SERVICE LEASE ROMANIA SRL	Bucuresti	B123FCW	W1NKM0HB6SU073638	MERCEDES GLC	0030166038	MADYT Autoserv	Buftea, Ilfov	000000000000532002	DUNLOP	Winter	235/55R19 105V WINTER SPT 5 SUV XL	1	02/07/2026	7.0	2424	Tyre Only	D			
0030152291	Autotehnica Fleet Services SRL	Bucuresti	B127CML	UU1DJF00275470009	? ?	0030166038	MADYT Autoserv	Buftea, Ilfov	000000000000531967	SAVA	Winter	205/60R16 96H ESKIMO HP 2 XL	1	02/07/2026	8.0	0125	Tyre Only	D			
0030152291	Autotehnica Fleet Services SRL	Bucuresti	B127CML	UU1DJF00275470009	? ?	0030166038	MADYT Autoserv	Buftea, Ilfov	000000000000531967	SAVA	Winter	205/60R16 96H ESKIMO HP 2 XL	1	02/07/2026	8.0	2825	Tyre Only	D			
0030152291	Autotehnica Fleet Services SRL	Bucuresti	B127CML	UU1DJF00275470009	? ?	0030166038	MADYT Autoserv	Buftea, Ilfov	000000000000531967	SAVA	Winter	205/60R16 96H ESKIMO HP 2 XL	1	02/07/2026	8.0	0125	Tyre Only	D			
0030152291	Autotehnica Fleet Services SRL	Bucuresti	B127CML	UU1DJF00275470009	? ?	0030166038	MADYT Autoserv	Buftea, Ilfov	000000000000531967	SAVA	Winter	205/60R16 96H ESKIMO HP 2 XL	1	02/07/2026	8.0	0125	Tyre Only	D			
0030042972	ARVAL SERVICE LEASE ROMANIA SRL	Bucuresti	B148FRO	WVWZZZCJ7SD057085	VOLKSWAGEN PASSAT	0030166038	MADYT Autoserv	Buftea, Ilfov	000000000000574660	DUNLOP	Winter	235/45R18 98V WINTER SPT 5 XL MFS	1	02/07/2026	8.0	1525	Tyre Only	D			
0030042972	ARVAL SERVICE LEASE ROMANIA SRL	Bucuresti	B148FRO	WVWZZZCJ7SD057085	VOLKSWAGEN PASSAT	0030166038	MADYT Autoserv	Buftea, Ilfov	000000000000574660	DUNLOP	Winter	235/45R18 98V WINTER SPT 5 XL MFS	1	02/07/2026	8.0	1525	Tyre Only	D			
0030042972	ARVAL SERVICE LEASE ROMANIA SRL	Bucuresti	B148FRO	WVWZZZCJ7SD057085	VOLKSWAGEN PASSAT	0030166038	MADYT Autoserv	Buftea, Ilfov	000000000000574660	DUNLOP	Winter	235/45R18 98V WINTER SPT 5 XL MFS	1	02/07/2026	8.0	1525	Tyre Only	D			
0030042972	ARVAL SERVICE LEASE ROMANIA SRL	Bucuresti	B148FRO	WVWZZZCJ7SD057085	VOLKSWAGEN PASSAT	0030166038	MADYT Autoserv	Buftea, Ilfov	000000000000574660	DUNLOP	Winter	235/45R18 98V WINTER SPT 5 XL MFS	1	02/07/2026	8.0	1525	Tyre Only	D	JANTA SPATE DR DEFORMATA PUTIN		
